CREATE DATABASE  IF NOT EXISTS `projecten` /*!40100 DEFAULT CHARACTER SET utf8 COLLATE utf8_bin */;
USE `projecten`;
-- MySQL dump 10.13  Distrib 5.7.17, for Win64 (x86_64)
--
-- Host: 192.168.1.1    Database: projecten
-- ------------------------------------------------------
-- Server version	5.5.62-MariaDB

/*!40101 SET @OLD_CHARACTER_SET_CLIENT=@@CHARACTER_SET_CLIENT */;
/*!40101 SET @OLD_CHARACTER_SET_RESULTS=@@CHARACTER_SET_RESULTS */;
/*!40101 SET @OLD_COLLATION_CONNECTION=@@COLLATION_CONNECTION */;
/*!40101 SET NAMES utf8 */;
/*!40103 SET @OLD_TIME_ZONE=@@TIME_ZONE */;
/*!40103 SET TIME_ZONE='+00:00' */;
/*!40014 SET @OLD_UNIQUE_CHECKS=@@UNIQUE_CHECKS, UNIQUE_CHECKS=0 */;
/*!40014 SET @OLD_FOREIGN_KEY_CHECKS=@@FOREIGN_KEY_CHECKS, FOREIGN_KEY_CHECKS=0 */;
/*!40101 SET @OLD_SQL_MODE=@@SQL_MODE, SQL_MODE='NO_AUTO_VALUE_ON_ZERO' */;
/*!40111 SET @OLD_SQL_NOTES=@@SQL_NOTES, SQL_NOTES=0 */;

--
-- Temporary view structure for view `all_projects`
--

DROP TABLE IF EXISTS `all_projects`;
/*!50001 DROP VIEW IF EXISTS `all_projects`*/;
SET @saved_cs_client     = @@character_set_client;
SET character_set_client = utf8;
/*!50001 CREATE VIEW `all_projects` AS SELECT 
 1 AS `id`,
 1 AS `project`,
 1 AS `datum`*/;
SET character_set_client = @saved_cs_client;

--
-- Table structure for table `beoordeling`
--

DROP TABLE IF EXISTS `beoordeling`;
/*!40101 SET @saved_cs_client     = @@character_set_client */;
/*!40101 SET character_set_client = utf8 */;
CREATE TABLE `beoordeling` (
  `docentcode` varchar(5) COLLATE utf8_bin NOT NULL,
  `leerlingnummer` int(11) NOT NULL,
  `groepid` int(11) NOT NULL,
  `criteriumid` int(11) NOT NULL,
  `datum` date NOT NULL,
  `waardering` tinyint(3) unsigned NOT NULL,
  PRIMARY KEY (`docentcode`,`leerlingnummer`,`groepid`,`criteriumid`,`datum`),
  KEY `fk_beoordeling_student_idx` (`leerlingnummer`),
  KEY `fk_beoordeling_criterium_idx` (`criteriumid`),
  KEY `fk_beoordeling_groep_idx` (`groepid`),
  CONSTRAINT `fk_beoordeling_criterium` FOREIGN KEY (`criteriumid`) REFERENCES `criterium` (`id`) ON DELETE NO ACTION ON UPDATE NO ACTION,
  CONSTRAINT `fk_beoordeling_docent` FOREIGN KEY (`docentcode`) REFERENCES `docent` (`code`) ON DELETE NO ACTION ON UPDATE NO ACTION,
  CONSTRAINT `fk_beoordeling_groep` FOREIGN KEY (`groepid`) REFERENCES `criterium_groep` (`id`) ON DELETE NO ACTION ON UPDATE NO ACTION,
  CONSTRAINT `fk_beoordeling_student` FOREIGN KEY (`leerlingnummer`) REFERENCES `leerling` (`nummer`) ON DELETE NO ACTION ON UPDATE NO ACTION
) ENGINE=InnoDB DEFAULT CHARSET=utf8 COLLATE=utf8_bin COMMENT='So on a single date multiple teachers can fill in an evaluation of a project. (Nice for later.)\nThe same teacher can add a new evaluation later (in a new year, or as part of a retest. @TODO: figure out which one is valid.)\nObviously multiple students can receive an evaluation.\nAnd all various criteria of the project can be uniquely identified through their unique groupid & criteriumid';
/*!40101 SET character_set_client = @saved_cs_client */;

--
-- Dumping data for table `beoordeling`
--

LOCK TABLES `beoordeling` WRITE;
/*!40000 ALTER TABLE `beoordeling` DISABLE KEYS */;
INSERT INTO `beoordeling` VALUES ('fbe02',309723,1,2,'2021-03-23',1),('fbe02',309723,1,3,'2021-03-23',1),('fbe02',309723,1,4,'2021-03-23',2),('fbe02',309723,1,6,'2021-03-23',0),('fbe02',309723,1,7,'2021-03-23',0),('fbe02',309723,1,8,'2021-03-23',0),('fbe02',309723,1,9,'2021-03-23',0),('fbe02',309723,1,10,'2021-03-23',0),('fbe02',309723,3,3,'2021-04-30',0),('fbe02',309723,3,5,'2021-04-30',3),('fbe02',309723,3,6,'2021-04-30',0),('fbe02',309723,3,7,'2021-04-30',0),('fbe02',309723,3,8,'2021-04-30',0),('fbe02',309723,3,9,'2021-04-30',0),('fbe02',309723,3,10,'2021-04-30',2),('fbe02',309723,3,11,'2021-04-30',2),('fbe02',309723,3,12,'2021-04-30',0),('fbe02',309723,5,3,'2021-05-18',0),('fbe02',309723,5,5,'2021-05-18',3),('fbe02',309723,5,6,'2021-05-18',0),('fbe02',309723,5,7,'2021-05-18',0),('fbe02',309723,5,8,'2021-05-18',0),('fbe02',309723,5,9,'2021-05-18',0),('fbe02',309723,5,10,'2021-05-18',0),('fbe02',309723,5,11,'2021-05-18',2),('fbe02',309723,5,13,'2021-05-18',1),('fbe02',309723,6,3,'2021-06-19',1),('fbe02',309723,6,5,'2021-06-19',3),('fbe02',309723,6,6,'2021-06-19',1),('fbe02',309723,6,7,'2021-06-19',0),('fbe02',309723,6,8,'2021-06-19',0),('fbe02',309723,6,9,'2021-06-19',0),('fbe02',309723,6,10,'2021-06-19',0),('fbe02',309723,6,11,'2021-06-19',2),('fbe02',309723,6,12,'2021-06-19',2),('fbe02',309723,6,13,'2021-06-19',1),('fbe02',310755,1,2,'2021-04-10',1),('fbe02',310755,1,3,'2021-04-10',0),('fbe02',310755,1,4,'2021-04-10',2),('fbe02',310755,1,6,'2021-04-10',1),('fbe02',310755,1,7,'2021-04-10',0),('fbe02',310755,1,8,'2021-04-10',0),('fbe02',310755,1,9,'2021-04-10',0),('fbe02',310755,1,10,'2021-04-10',3),('fbe02',322259,1,2,'2021-03-13',1),('fbe02',322259,1,3,'2021-03-13',1),('fbe02',322259,1,4,'2021-03-13',2),('fbe02',322259,1,6,'2021-03-13',0),('fbe02',322259,1,7,'2021-03-13',1),('fbe02',322259,1,8,'2021-03-13',1),('fbe02',322259,1,9,'2021-03-13',1),('fbe02',322259,3,3,'2021-04-10',1),('fbe02',322259,3,5,'2021-04-10',3),('fbe02',322259,3,6,'2021-04-10',1),('fbe02',322259,3,7,'2021-04-10',0),('fbe02',322259,3,8,'2021-04-10',1),('fbe02',322259,3,9,'2021-04-10',1),('fbe02',322259,3,10,'2021-04-10',0),('fbe02',322259,3,11,'2021-04-10',2),('fbe02',322259,3,12,'2021-04-10',2),('fbe02',322259,5,3,'2021-05-18',1),('fbe02',322259,5,5,'2021-05-18',3),('fbe02',322259,5,6,'2021-05-18',0),('fbe02',322259,5,7,'2021-05-18',1),('fbe02',322259,5,8,'2021-05-18',0),('fbe02',322259,5,9,'2021-05-18',0),('fbe02',322259,5,10,'2021-05-18',0),('fbe02',322259,5,11,'2021-05-18',2),('fbe02',322259,5,13,'2021-05-18',1),('fbe02',322259,6,3,'2021-06-12',1),('fbe02',322259,6,5,'2021-06-12',3),('fbe02',322259,6,6,'2021-06-12',1),('fbe02',322259,6,7,'2021-06-12',0),('fbe02',322259,6,8,'2021-06-12',0),('fbe02',322259,6,9,'2021-06-12',0),('fbe02',322259,6,10,'2021-06-12',0),('fbe02',322259,6,11,'2021-06-12',2),('fbe02',322259,6,12,'2021-06-12',2),('fbe02',322259,6,13,'2021-06-12',1),('fbe02',326576,1,2,'2021-03-13',1),('fbe02',326576,1,3,'2021-03-13',0),('fbe02',326576,1,4,'2021-03-13',2),('fbe02',326576,1,6,'2021-03-13',1),('fbe02',326576,1,7,'2021-03-13',0),('fbe02',326576,1,8,'2021-03-13',1),('fbe02',326576,1,9,'2021-03-13',0),('fbe02',326576,3,3,'2021-04-10',0),('fbe02',326576,3,5,'2021-04-10',3),('fbe02',326576,3,6,'2021-04-10',0),('fbe02',326576,3,7,'2021-04-10',0),('fbe02',326576,3,8,'2021-04-10',1),('fbe02',326576,3,9,'2021-04-10',0),('fbe02',326576,3,10,'2021-04-10',0),('fbe02',326576,3,11,'2021-04-10',2),('fbe02',326576,3,12,'2021-04-10',1),('fbe02',326576,5,3,'2021-05-18',0),('fbe02',326576,5,5,'2021-05-18',3),('fbe02',326576,5,6,'2021-05-18',0),('fbe02',326576,5,7,'2021-05-18',0),('fbe02',326576,5,8,'2021-05-18',0),('fbe02',326576,5,9,'2021-05-18',0),('fbe02',326576,5,10,'2021-05-18',0),('fbe02',326576,5,11,'2021-05-18',2),('fbe02',326576,5,13,'2021-05-18',1),('fbe02',326576,6,3,'2021-06-19',1),('fbe02',326576,6,5,'2021-06-19',3),('fbe02',326576,6,6,'2021-06-19',0),('fbe02',326576,6,7,'2021-06-19',0),('fbe02',326576,6,8,'2021-06-19',0),('fbe02',326576,6,9,'2021-06-19',0),('fbe02',326576,6,10,'2021-06-19',0),('fbe02',326576,6,11,'2021-06-19',2),('fbe02',326576,6,12,'2021-06-19',2),('fbe02',326576,6,13,'2021-06-19',1),('fbe02',326584,1,2,'2021-03-23',1),('fbe02',326584,1,3,'2021-03-23',0),('fbe02',326584,1,4,'2021-03-23',2),('fbe02',326584,1,6,'2021-03-23',0),('fbe02',326584,1,7,'2021-03-23',0),('fbe02',326584,1,8,'2021-03-23',0),('fbe02',326584,1,9,'2021-03-23',0),('fbe02',326584,1,10,'2021-03-23',0),('fbe02',326584,4,3,'2021-04-10',0),('fbe02',326584,4,5,'2021-04-10',3),('fbe02',326584,4,6,'2021-04-10',0),('fbe02',326584,4,7,'2021-04-10',0),('fbe02',326584,4,8,'2021-04-10',0),('fbe02',326584,4,9,'2021-04-10',0),('fbe02',326584,4,10,'2021-04-10',0),('fbe02',326584,4,11,'2021-04-10',2),('fbe02',326584,4,12,'2021-04-10',0),('fbe02',326584,5,3,'2021-05-25',0),('fbe02',326584,5,5,'2021-05-25',3),('fbe02',326584,5,6,'2021-05-25',0),('fbe02',326584,5,7,'2021-05-25',1),('fbe02',326584,5,8,'2021-05-25',0),('fbe02',326584,5,9,'2021-05-25',0),('fbe02',326584,5,10,'2021-05-25',1),('fbe02',326584,5,11,'2021-05-25',2),('fbe02',326584,5,13,'2021-05-25',1),('fbe02',327014,1,2,'2021-03-13',1),('fbe02',327014,1,3,'2021-03-13',1),('fbe02',327014,1,4,'2021-03-13',2),('fbe02',327014,1,6,'2021-03-13',0),('fbe02',327014,1,7,'2021-03-13',0),('fbe02',327014,1,8,'2021-03-13',1),('fbe02',327014,1,9,'2021-03-13',0),('fbe02',327014,4,3,'2021-04-10',1),('fbe02',327014,4,5,'2021-04-10',3),('fbe02',327014,4,6,'2021-04-10',0),('fbe02',327014,4,7,'2021-04-10',0),('fbe02',327014,4,8,'2021-04-10',0),('fbe02',327014,4,9,'2021-04-10',0),('fbe02',327014,4,10,'2021-04-10',0),('fbe02',327014,4,11,'2021-04-10',2),('fbe02',327014,4,12,'2021-04-10',0),('fbe02',327014,5,3,'2021-05-19',0),('fbe02',327014,5,5,'2021-05-19',3),('fbe02',327014,5,6,'2021-05-19',0),('fbe02',327014,5,7,'2021-05-19',0),('fbe02',327014,5,8,'2021-05-19',0),('fbe02',327014,5,9,'2021-05-19',0),('fbe02',327014,5,10,'2021-05-19',0),('fbe02',327014,5,11,'2021-05-19',2),('fbe02',327014,5,13,'2021-05-19',1),('fbe02',327014,6,3,'2021-06-12',1),('fbe02',327014,6,5,'2021-06-12',3),('fbe02',327014,6,6,'2021-06-12',0),('fbe02',327014,6,7,'2021-06-12',0),('fbe02',327014,6,8,'2021-06-12',0),('fbe02',327014,6,9,'2021-06-12',1),('fbe02',327014,6,10,'2021-06-12',0),('fbe02',327014,6,11,'2021-06-12',2),('fbe02',327014,6,12,'2021-06-12',2),('fbe02',327014,6,13,'2021-06-12',1),('fbe02',327101,1,2,'2021-03-23',1),('fbe02',327101,1,3,'2021-03-23',0),('fbe02',327101,1,4,'2021-03-23',2),('fbe02',327101,1,6,'2021-03-23',0),('fbe02',327101,1,7,'2021-03-23',0),('fbe02',327101,1,8,'2021-03-23',1),('fbe02',327101,1,9,'2021-03-23',0),('fbe02',327101,1,10,'2021-03-23',0),('fbe02',327101,3,3,'2021-04-10',0),('fbe02',327101,3,5,'2021-04-10',3),('fbe02',327101,3,6,'2021-04-10',0),('fbe02',327101,3,7,'2021-04-10',0),('fbe02',327101,3,8,'2021-04-10',0),('fbe02',327101,3,9,'2021-04-10',0),('fbe02',327101,3,10,'2021-04-10',0),('fbe02',327101,3,11,'2021-04-10',2),('fbe02',327101,3,12,'2021-04-10',2),('fbe02',327101,4,3,'2021-04-10',0),('fbe02',327101,4,5,'2021-04-10',3),('fbe02',327101,4,6,'2021-04-10',0),('fbe02',327101,4,7,'2021-04-10',0),('fbe02',327101,4,8,'2021-04-10',1),('fbe02',327101,4,9,'2021-04-10',0),('fbe02',327101,4,10,'2021-04-10',0),('fbe02',327101,4,11,'2021-04-10',2),('fbe02',327101,4,12,'2021-04-10',0),('fbe02',327101,5,3,'2021-05-18',1),('fbe02',327101,5,5,'2021-05-18',3),('fbe02',327101,5,6,'2021-05-18',0),('fbe02',327101,5,7,'2021-05-18',0),('fbe02',327101,5,8,'2021-05-18',0),('fbe02',327101,5,9,'2021-05-18',0),('fbe02',327101,5,10,'2021-05-18',0),('fbe02',327101,5,11,'2021-05-18',2),('fbe02',327101,5,13,'2021-05-18',1),('fbe02',327101,6,3,'2021-06-12',1),('fbe02',327101,6,5,'2021-06-12',3),('fbe02',327101,6,6,'2021-06-12',0),('fbe02',327101,6,7,'2021-06-12',0),('fbe02',327101,6,8,'2021-06-12',0),('fbe02',327101,6,9,'2021-06-12',0),('fbe02',327101,6,10,'2021-06-12',0),('fbe02',327101,6,11,'2021-06-12',2),('fbe02',327101,6,12,'2021-06-12',2),('fbe02',327101,6,13,'2021-06-12',1),('fbe02',328455,1,2,'2021-03-13',1),('fbe02',328455,1,3,'2021-03-13',0),('fbe02',328455,1,4,'2021-03-13',2),('fbe02',328455,1,6,'2021-03-13',0),('fbe02',328455,1,7,'2021-03-13',0),('fbe02',328455,1,8,'2021-03-13',1),('fbe02',328455,1,9,'2021-03-13',1),('fbe02',328455,3,3,'2021-04-10',0),('fbe02',328455,3,5,'2021-04-10',3),('fbe02',328455,3,6,'2021-04-10',1),('fbe02',328455,3,7,'2021-04-10',0),('fbe02',328455,3,8,'2021-04-10',1),('fbe02',328455,3,9,'2021-04-10',1),('fbe02',328455,3,10,'2021-04-10',0),('fbe02',328455,3,11,'2021-04-10',2),('fbe02',328455,3,12,'2021-04-10',0),('fbe02',328455,4,3,'2021-04-10',0),('fbe02',328455,4,5,'2021-04-10',3),('fbe02',328455,4,6,'2021-04-10',1),('fbe02',328455,4,7,'2021-04-10',0),('fbe02',328455,4,8,'2021-04-10',1),('fbe02',328455,4,9,'2021-04-10',1),('fbe02',328455,4,10,'2021-04-10',0),('fbe02',328455,4,11,'2021-04-10',0),('fbe02',328455,4,12,'2021-04-10',2),('fbe02',328455,5,3,'2021-05-18',0),('fbe02',328455,5,5,'2021-05-18',3),('fbe02',328455,5,6,'2021-05-18',0),('fbe02',328455,5,7,'2021-05-18',1),('fbe02',328455,5,8,'2021-05-18',0),('fbe02',328455,5,9,'2021-05-18',0),('fbe02',328455,5,10,'2021-05-18',0),('fbe02',328455,5,11,'2021-05-18',0),('fbe02',328455,5,13,'2021-05-18',1),('fbe02',328455,6,3,'2021-06-12',1),('fbe02',328455,6,5,'2021-06-12',3),('fbe02',328455,6,6,'2021-06-12',0),('fbe02',328455,6,7,'2021-06-12',0),('fbe02',328455,6,8,'2021-06-12',0),('fbe02',328455,6,9,'2021-06-12',0),('fbe02',328455,6,10,'2021-06-12',0),('fbe02',328455,6,11,'2021-06-12',2),('fbe02',328455,6,12,'2021-06-12',2),('fbe02',328455,6,13,'2021-06-12',1),('fbe02',328733,1,2,'2021-03-23',1),('fbe02',328733,1,3,'2021-03-23',0),('fbe02',328733,1,4,'2021-03-23',2),('fbe02',328733,1,6,'2021-03-23',0),('fbe02',328733,1,7,'2021-03-23',0),('fbe02',328733,1,8,'2021-03-23',0),('fbe02',328733,1,9,'2021-03-23',0),('fbe02',328733,1,10,'2021-03-23',0),('fbe02',328733,3,3,'2021-04-10',0),('fbe02',328733,3,5,'2021-04-10',3),('fbe02',328733,3,6,'2021-04-10',0),('fbe02',328733,3,7,'2021-04-10',1),('fbe02',328733,3,8,'2021-04-10',1),('fbe02',328733,3,9,'2021-04-10',0),('fbe02',328733,3,10,'2021-04-10',0),('fbe02',328733,3,11,'2021-04-10',2),('fbe02',328733,3,12,'2021-04-10',0),('fbe02',328733,5,3,'2021-05-18',0),('fbe02',328733,5,5,'2021-05-18',3),('fbe02',328733,5,6,'2021-05-18',0),('fbe02',328733,5,7,'2021-05-18',0),('fbe02',328733,5,8,'2021-05-18',1),('fbe02',328733,5,9,'2021-05-18',1),('fbe02',328733,5,10,'2021-05-18',0),('fbe02',328733,5,11,'2021-05-18',2),('fbe02',328733,5,13,'2021-05-18',1),('fbe02',328733,6,3,'2021-06-12',1),('fbe02',328733,6,5,'2021-06-12',3),('fbe02',328733,6,6,'2021-06-12',0),('fbe02',328733,6,7,'2021-06-12',0),('fbe02',328733,6,8,'2021-06-12',1),('fbe02',328733,6,9,'2021-06-12',0),('fbe02',328733,6,10,'2021-06-12',0),('fbe02',328733,6,11,'2021-06-12',2),('fbe02',328733,6,12,'2021-06-12',2),('fbe02',328733,6,13,'2021-06-12',1),('fbe02',329604,1,2,'2021-03-13',1),('fbe02',329604,1,3,'2021-03-13',0),('fbe02',329604,1,4,'2021-03-13',2),('fbe02',329604,1,6,'2021-03-13',0),('fbe02',329604,1,7,'2021-03-13',0),('fbe02',329604,1,8,'2021-03-13',0),('fbe02',329604,1,9,'2021-03-13',1),('fbe02',329604,4,3,'2021-04-10',0),('fbe02',329604,4,5,'2021-04-10',3),('fbe02',329604,4,6,'2021-04-10',1),('fbe02',329604,4,7,'2021-04-10',0),('fbe02',329604,4,8,'2021-04-10',1),('fbe02',329604,4,9,'2021-04-10',0),('fbe02',329604,4,10,'2021-04-10',0),('fbe02',329604,4,11,'2021-04-10',2),('fbe02',329604,4,12,'2021-04-10',2),('fbe02',329604,5,3,'2021-05-18',1),('fbe02',329604,5,5,'2021-05-18',3),('fbe02',329604,5,6,'2021-05-18',0),('fbe02',329604,5,7,'2021-05-18',0),('fbe02',329604,5,8,'2021-05-18',0),('fbe02',329604,5,9,'2021-05-18',0),('fbe02',329604,5,10,'2021-05-18',0),('fbe02',329604,5,11,'2021-05-18',2),('fbe02',329604,5,13,'2021-05-18',1),('fbe02',329604,6,3,'2021-06-12',1),('fbe02',329604,6,5,'2021-06-12',3),('fbe02',329604,6,6,'2021-06-12',0),('fbe02',329604,6,7,'2021-06-12',1),('fbe02',329604,6,8,'2021-06-12',1),('fbe02',329604,6,9,'2021-06-12',0),('fbe02',329604,6,10,'2021-06-12',0),('fbe02',329604,6,11,'2021-06-12',2),('fbe02',329604,6,12,'2021-06-12',2),('fbe02',329604,6,13,'2021-06-12',1),('fbe02',329610,1,2,'2021-03-13',1),('fbe02',329610,1,3,'2021-03-13',0),('fbe02',329610,1,4,'2021-03-13',2),('fbe02',329610,1,6,'2021-03-13',0),('fbe02',329610,1,7,'2021-03-13',0),('fbe02',329610,1,8,'2021-03-13',0),('fbe02',329610,1,9,'2021-03-13',0),('fbe02',329610,3,3,'2021-04-10',1),('fbe02',329610,3,5,'2021-04-10',3),('fbe02',329610,3,6,'2021-04-10',0),('fbe02',329610,3,7,'2021-04-10',0),('fbe02',329610,3,8,'2021-04-10',0),('fbe02',329610,3,9,'2021-04-10',0),('fbe02',329610,3,10,'2021-04-10',0),('fbe02',329610,3,11,'2021-04-10',2),('fbe02',329610,3,12,'2021-04-10',0),('fbe02',329610,4,3,'2021-04-10',0),('fbe02',329610,4,5,'2021-04-10',3),('fbe02',329610,4,6,'2021-04-10',1),('fbe02',329610,4,7,'2021-04-10',0),('fbe02',329610,4,8,'2021-04-10',0),('fbe02',329610,4,9,'2021-04-10',0),('fbe02',329610,4,10,'2021-04-10',0),('fbe02',329610,4,11,'2021-04-10',0),('fbe02',329610,4,12,'2021-04-10',0),('fbe02',329610,5,3,'2021-05-18',0),('fbe02',329610,5,5,'2021-05-18',3),('fbe02',329610,5,6,'2021-05-18',0),('fbe02',329610,5,7,'2021-05-18',1),('fbe02',329610,5,8,'2021-05-18',0),('fbe02',329610,5,9,'2021-05-18',0),('fbe02',329610,5,10,'2021-05-18',0),('fbe02',329610,5,11,'2021-05-18',1),('fbe02',329610,5,13,'2021-05-18',1),('fbe02',329610,6,3,'2021-06-12',1),('fbe02',329610,6,5,'2021-06-12',3),('fbe02',329610,6,6,'2021-06-12',1),('fbe02',329610,6,7,'2021-06-12',0),('fbe02',329610,6,8,'2021-06-12',0),('fbe02',329610,6,9,'2021-06-12',0),('fbe02',329610,6,10,'2021-06-12',0),('fbe02',329610,6,11,'2021-06-12',2),('fbe02',329610,6,12,'2021-06-12',2),('fbe02',329610,6,13,'2021-06-12',1),('fbe02',329665,1,2,'2021-03-13',1),('fbe02',329665,1,3,'2021-03-13',0),('fbe02',329665,1,4,'2021-03-13',2),('fbe02',329665,1,6,'2021-03-13',0),('fbe02',329665,1,7,'2021-03-13',0),('fbe02',329665,1,8,'2021-03-13',0),('fbe02',329665,1,9,'2021-03-13',0),('fbe02',329665,3,3,'2021-04-10',1),('fbe02',329665,3,5,'2021-04-10',3),('fbe02',329665,3,6,'2021-04-10',0),('fbe02',329665,3,7,'2021-04-10',0),('fbe02',329665,3,8,'2021-04-10',0),('fbe02',329665,3,9,'2021-04-10',0),('fbe02',329665,3,10,'2021-04-10',0),('fbe02',329665,3,11,'2021-04-10',2),('fbe02',329665,3,12,'2021-04-10',0),('fbe02',329665,5,3,'2021-05-18',0),('fbe02',329665,5,5,'2021-05-18',3),('fbe02',329665,5,6,'2021-05-18',0),('fbe02',329665,5,7,'2021-05-18',1),('fbe02',329665,5,8,'2021-05-18',0),('fbe02',329665,5,9,'2021-05-18',0),('fbe02',329665,5,10,'2021-05-18',0),('fbe02',329665,5,11,'2021-05-18',1),('fbe02',329665,5,13,'2021-05-18',1),('fbe02',329665,6,3,'2021-06-12',1),('fbe02',329665,6,5,'2021-06-12',3),('fbe02',329665,6,6,'2021-06-12',0),('fbe02',329665,6,7,'2021-06-12',0),('fbe02',329665,6,8,'2021-06-12',0),('fbe02',329665,6,9,'2021-06-12',0),('fbe02',329665,6,10,'2021-06-12',0),('fbe02',329665,6,11,'2021-06-12',2),('fbe02',329665,6,12,'2021-06-12',2),('fbe02',329665,6,13,'2021-06-12',1),('fbe02',329716,1,2,'2021-03-23',1),('fbe02',329716,1,3,'2021-03-23',1),('fbe02',329716,1,4,'2021-03-23',2),('fbe02',329716,1,6,'2021-03-23',0),('fbe02',329716,1,7,'2021-03-23',0),('fbe02',329716,1,8,'2021-03-23',0),('fbe02',329716,1,9,'2021-03-23',0),('fbe02',329716,1,10,'2021-03-23',0),('fbe02',329716,3,3,'2021-04-18',1),('fbe02',329716,3,5,'2021-04-18',3),('fbe02',329716,3,6,'2021-04-18',1),('fbe02',329716,3,7,'2021-04-18',0),('fbe02',329716,3,8,'2021-04-18',0),('fbe02',329716,3,9,'2021-04-18',0),('fbe02',329716,3,10,'2021-04-18',0),('fbe02',329716,3,11,'2021-04-18',0),('fbe02',329716,3,12,'2021-04-18',0),('fbe02',329716,5,3,'2021-05-19',0),('fbe02',329716,5,5,'2021-05-19',2),('fbe02',329716,5,6,'2021-05-19',0),('fbe02',329716,5,7,'2021-05-19',0),('fbe02',329716,5,8,'2021-05-19',0),('fbe02',329716,5,9,'2021-05-19',0),('fbe02',329716,5,10,'2021-05-19',0),('fbe02',329716,5,11,'2021-05-19',0),('fbe02',329716,5,13,'2021-05-19',0),('fbe02',329716,6,3,'2021-06-19',1),('fbe02',329716,6,5,'2021-06-19',3),('fbe02',329716,6,6,'2021-06-19',1),('fbe02',329716,6,7,'2021-06-19',0),('fbe02',329716,6,8,'2021-06-19',0),('fbe02',329716,6,9,'2021-06-19',0),('fbe02',329716,6,10,'2021-06-19',0),('fbe02',329716,6,11,'2021-06-19',0),('fbe02',329716,6,12,'2021-06-19',1),('fbe02',329716,6,13,'2021-06-19',1),('fbe02',329944,1,2,'2021-03-23',1),('fbe02',329944,1,3,'2021-03-23',0),('fbe02',329944,1,4,'2021-03-23',1),('fbe02',329944,1,6,'2021-03-23',0),('fbe02',329944,1,7,'2021-03-23',0),('fbe02',329944,1,8,'2021-03-23',1),('fbe02',329944,1,9,'2021-03-23',1),('fbe02',329944,1,10,'2021-03-23',0),('fbe02',330266,1,2,'2021-03-23',1),('fbe02',330266,1,3,'2021-03-23',0),('fbe02',330266,1,4,'2021-03-23',2),('fbe02',330266,1,6,'2021-03-23',0),('fbe02',330266,1,7,'2021-03-23',0),('fbe02',330266,1,8,'2021-03-23',1),('fbe02',330266,1,9,'2021-03-23',1),('fbe02',330266,1,10,'2021-03-23',0),('fbe02',330266,4,3,'2021-04-10',0),('fbe02',330266,4,5,'2021-04-10',2),('fbe02',330266,4,6,'2021-04-10',0),('fbe02',330266,4,7,'2021-04-10',0),('fbe02',330266,4,8,'2021-04-10',1),('fbe02',330266,4,9,'2021-04-10',1),('fbe02',330266,4,10,'2021-04-10',0),('fbe02',330266,4,11,'2021-04-10',2),('fbe02',330266,4,12,'2021-04-10',1),('fbe02',330266,5,3,'2021-05-18',0),('fbe02',330266,5,5,'2021-05-18',3),('fbe02',330266,5,6,'2021-05-18',0),('fbe02',330266,5,7,'2021-05-18',0),('fbe02',330266,5,8,'2021-05-18',1),('fbe02',330266,5,9,'2021-05-18',0),('fbe02',330266,5,10,'2021-05-18',0),('fbe02',330266,5,11,'2021-05-18',2),('fbe02',330266,5,13,'2021-05-18',1),('fbe02',330266,6,3,'2021-06-12',1),('fbe02',330266,6,5,'2021-06-12',3),('fbe02',330266,6,6,'2021-06-12',0),('fbe02',330266,6,7,'2021-06-12',0),('fbe02',330266,6,8,'2021-06-12',1),('fbe02',330266,6,9,'2021-06-12',0),('fbe02',330266,6,10,'2021-06-12',0),('fbe02',330266,6,11,'2021-06-12',2),('fbe02',330266,6,12,'2021-06-12',2),('fbe02',330266,6,13,'2021-06-12',1),('fbe02',330271,1,2,'2021-03-23',1),('fbe02',330271,1,3,'2021-03-23',0),('fbe02',330271,1,4,'2021-03-23',2),('fbe02',330271,1,6,'2021-03-23',0),('fbe02',330271,1,7,'2021-03-23',0),('fbe02',330271,1,8,'2021-03-23',0),('fbe02',330271,1,9,'2021-03-23',0),('fbe02',330271,1,10,'2021-03-23',0),('fbe02',330271,4,3,'2021-04-10',0),('fbe02',330271,4,5,'2021-04-10',3),('fbe02',330271,4,6,'2021-04-10',0),('fbe02',330271,4,7,'2021-04-10',0),('fbe02',330271,4,8,'2021-04-10',1),('fbe02',330271,4,9,'2021-04-10',1),('fbe02',330271,4,10,'2021-04-10',0),('fbe02',330271,4,11,'2021-04-10',2),('fbe02',330271,4,12,'2021-04-10',2),('fbe02',330271,5,3,'2021-05-18',0),('fbe02',330271,5,5,'2021-05-18',3),('fbe02',330271,5,6,'2021-05-18',0),('fbe02',330271,5,7,'2021-05-18',1),('fbe02',330271,5,8,'2021-05-18',0),('fbe02',330271,5,9,'2021-05-18',0),('fbe02',330271,5,10,'2021-05-18',0),('fbe02',330271,5,11,'2021-05-18',2),('fbe02',330271,5,13,'2021-05-18',1),('fbe02',330271,6,3,'2021-06-19',1),('fbe02',330271,6,5,'2021-06-19',2),('fbe02',330271,6,6,'2021-06-19',0),('fbe02',330271,6,7,'2021-06-19',0),('fbe02',330271,6,8,'2021-06-19',0),('fbe02',330271,6,9,'2021-06-19',0),('fbe02',330271,6,10,'2021-06-19',0),('fbe02',330271,6,11,'2021-06-19',2),('fbe02',330271,6,12,'2021-06-19',2),('fbe02',330271,6,13,'2021-06-19',1),('fbe02',330433,1,2,'2021-03-13',1),('fbe02',330433,1,3,'2021-03-13',1),('fbe02',330433,1,4,'2021-03-13',2),('fbe02',330433,1,6,'2021-03-13',0),('fbe02',330433,1,7,'2021-03-13',1),('fbe02',330433,1,8,'2021-03-13',0),('fbe02',330433,1,9,'2021-03-13',1),('fbe02',330433,3,3,'2021-04-10',0),('fbe02',330433,3,5,'2021-04-10',3),('fbe02',330433,3,6,'2021-04-10',1),('fbe02',330433,3,7,'2021-04-10',0),('fbe02',330433,3,8,'2021-04-10',1),('fbe02',330433,3,9,'2021-04-10',1),('fbe02',330433,3,10,'2021-04-10',0),('fbe02',330433,3,11,'2021-04-10',2),('fbe02',330433,3,12,'2021-04-10',1),('fbe02',330433,4,3,'2021-04-10',1),('fbe02',330433,4,5,'2021-04-10',3),('fbe02',330433,4,6,'2021-04-10',1),('fbe02',330433,4,7,'2021-04-10',0),('fbe02',330433,4,8,'2021-04-10',1),('fbe02',330433,4,9,'2021-04-10',0),('fbe02',330433,4,10,'2021-04-10',0),('fbe02',330433,4,11,'2021-04-10',2),('fbe02',330433,4,12,'2021-04-10',1),('fbe02',330433,5,3,'2021-05-18',1),('fbe02',330433,5,5,'2021-05-18',3),('fbe02',330433,5,6,'2021-05-18',0),('fbe02',330433,5,7,'2021-05-18',1),('fbe02',330433,5,8,'2021-05-18',0),('fbe02',330433,5,9,'2021-05-18',0),('fbe02',330433,5,10,'2021-05-18',0),('fbe02',330433,5,11,'2021-05-18',2),('fbe02',330433,5,13,'2021-05-18',1),('fbe02',330433,6,3,'2021-06-12',1),('fbe02',330433,6,5,'2021-06-12',3),('fbe02',330433,6,6,'2021-06-12',1),('fbe02',330433,6,7,'2021-06-12',0),('fbe02',330433,6,8,'2021-06-12',0),('fbe02',330433,6,9,'2021-06-12',0),('fbe02',330433,6,10,'2021-06-12',0),('fbe02',330433,6,11,'2021-06-12',2),('fbe02',330433,6,12,'2021-06-12',2),('fbe02',330433,6,13,'2021-06-12',1),('fbe02',330588,1,2,'2021-03-23',0),('fbe02',330588,1,3,'2021-03-23',0),('fbe02',330588,1,4,'2021-03-23',2),('fbe02',330588,1,6,'2021-03-23',0),('fbe02',330588,1,7,'2021-03-23',0),('fbe02',330588,1,8,'2021-03-23',0),('fbe02',330588,1,9,'2021-03-23',0),('fbe02',330588,1,10,'2021-03-23',0),('fbe02',330588,4,3,'2021-04-11',0),('fbe02',330588,4,5,'2021-04-11',2),('fbe02',330588,4,6,'2021-04-11',1),('fbe02',330588,4,7,'2021-04-11',0),('fbe02',330588,4,8,'2021-04-11',0),('fbe02',330588,4,9,'2021-04-11',0),('fbe02',330588,4,10,'2021-04-11',0),('fbe02',330588,4,11,'2021-04-11',2),('fbe02',330588,4,12,'2021-04-11',0),('fbe02',330588,5,3,'2021-05-19',0),('fbe02',330588,5,5,'2021-05-19',2),('fbe02',330588,5,6,'2021-05-19',0),('fbe02',330588,5,7,'2021-05-19',0),('fbe02',330588,5,8,'2021-05-19',0),('fbe02',330588,5,9,'2021-05-19',0),('fbe02',330588,5,10,'2021-05-19',0),('fbe02',330588,5,11,'2021-05-19',1),('fbe02',330588,5,13,'2021-05-19',0),('fbe02',330588,6,3,'2021-06-23',1),('fbe02',330588,6,5,'2021-06-23',3),('fbe02',330588,6,6,'2021-06-23',1),('fbe02',330588,6,7,'2021-06-23',0),('fbe02',330588,6,8,'2021-06-23',0),('fbe02',330588,6,9,'2021-06-23',0),('fbe02',330588,6,10,'2021-06-23',0),('fbe02',330588,6,11,'2021-06-23',0),('fbe02',330588,6,12,'2021-06-23',0),('fbe02',330588,6,13,'2021-06-23',0),('fbe02',330825,1,2,'2021-03-23',1),('fbe02',330825,1,3,'2021-03-23',0),('fbe02',330825,1,4,'2021-03-23',2),('fbe02',330825,1,6,'2021-03-23',0),('fbe02',330825,1,7,'2021-03-23',0),('fbe02',330825,1,8,'2021-03-23',0),('fbe02',330825,1,9,'2021-03-23',0),('fbe02',330825,1,10,'2021-03-23',0),('fbe02',330825,4,3,'2021-04-10',0),('fbe02',330825,4,5,'2021-04-10',2),('fbe02',330825,4,6,'2021-04-10',1),('fbe02',330825,4,7,'2021-04-10',0),('fbe02',330825,4,8,'2021-04-10',1),('fbe02',330825,4,9,'2021-04-10',1),('fbe02',330825,4,10,'2021-04-10',0),('fbe02',330825,4,11,'2021-04-10',2),('fbe02',330825,4,12,'2021-04-10',0),('fbe02',330825,5,3,'2021-05-18',1),('fbe02',330825,5,5,'2021-05-18',3),('fbe02',330825,5,6,'2021-05-18',0),('fbe02',330825,5,7,'2021-05-18',1),('fbe02',330825,5,8,'2021-05-18',0),('fbe02',330825,5,9,'2021-05-18',0),('fbe02',330825,5,10,'2021-05-18',0),('fbe02',330825,5,11,'2021-05-18',2),('fbe02',330825,5,13,'2021-05-18',1),('fbe02',330825,6,3,'2021-06-19',1),('fbe02',330825,6,5,'2021-06-19',2),('fbe02',330825,6,6,'2021-06-19',0),('fbe02',330825,6,7,'2021-06-19',0),('fbe02',330825,6,8,'2021-06-19',0),('fbe02',330825,6,9,'2021-06-19',0),('fbe02',330825,6,10,'2021-06-19',0),('fbe02',330825,6,11,'2021-06-19',1),('fbe02',330825,6,12,'2021-06-19',0),('fbe02',330825,6,13,'2021-06-19',0),('fbe02',330919,1,2,'2021-03-13',1),('fbe02',330919,1,3,'2021-03-13',0),('fbe02',330919,1,4,'2021-03-13',2),('fbe02',330919,1,6,'2021-03-13',0),('fbe02',330919,1,7,'2021-03-13',0),('fbe02',330919,1,8,'2021-03-13',0),('fbe02',330919,1,9,'2021-03-13',0),('fbe02',330919,3,3,'2021-04-10',0),('fbe02',330919,3,5,'2021-04-10',3),('fbe02',330919,3,6,'2021-04-10',1),('fbe02',330919,3,7,'2021-04-10',0),('fbe02',330919,3,8,'2021-04-10',1),('fbe02',330919,3,9,'2021-04-10',1),('fbe02',330919,3,10,'2021-04-10',0),('fbe02',330919,3,11,'2021-04-10',2),('fbe02',330919,3,12,'2021-04-10',2),('fbe02',330919,5,3,'2021-05-18',0),('fbe02',330919,5,5,'2021-05-18',2),('fbe02',330919,5,6,'2021-05-18',0),('fbe02',330919,5,7,'2021-05-18',0),('fbe02',330919,5,8,'2021-05-18',0),('fbe02',330919,5,9,'2021-05-18',0),('fbe02',330919,5,10,'2021-05-18',0),('fbe02',330919,5,11,'2021-05-18',1),('fbe02',330919,5,13,'2021-05-18',1),('fbe02',330919,6,3,'2021-06-12',1),('fbe02',330919,6,5,'2021-06-12',3),('fbe02',330919,6,6,'2021-06-12',0),('fbe02',330919,6,7,'2021-06-12',0),('fbe02',330919,6,8,'2021-06-12',1),('fbe02',330919,6,9,'2021-06-12',0),('fbe02',330919,6,10,'2021-06-12',0),('fbe02',330919,6,11,'2021-06-12',2),('fbe02',330919,6,12,'2021-06-12',0),('fbe02',330919,6,13,'2021-06-12',1),('fbe02',330988,1,2,'2021-03-13',1),('fbe02',330988,1,3,'2021-03-13',1),('fbe02',330988,1,4,'2021-03-13',2),('fbe02',330988,1,6,'2021-03-13',0),('fbe02',330988,1,7,'2021-03-13',1),('fbe02',330988,1,8,'2021-03-13',0),('fbe02',330988,1,9,'2021-03-13',1),('fbe02',330988,3,3,'2021-04-10',1),('fbe02',330988,3,5,'2021-04-10',3),('fbe02',330988,3,6,'2021-04-10',0),('fbe02',330988,3,7,'2021-04-10',1),('fbe02',330988,3,8,'2021-04-10',0),('fbe02',330988,3,9,'2021-04-10',0),('fbe02',330988,3,10,'2021-04-10',0),('fbe02',330988,3,11,'2021-04-10',2),('fbe02',330988,3,12,'2021-04-10',2),('fbe02',330988,5,3,'2021-05-18',0),('fbe02',330988,5,5,'2021-05-18',3),('fbe02',330988,5,6,'2021-05-18',0),('fbe02',330988,5,7,'2021-05-18',1),('fbe02',330988,5,8,'2021-05-18',0),('fbe02',330988,5,9,'2021-05-18',0),('fbe02',330988,5,10,'2021-05-18',0),('fbe02',330988,5,11,'2021-05-18',2),('fbe02',330988,5,13,'2021-05-18',1),('fbe02',330988,6,3,'2021-06-12',1),('fbe02',330988,6,5,'2021-06-12',3),('fbe02',330988,6,6,'2021-06-12',1),('fbe02',330988,6,7,'2021-06-12',1),('fbe02',330988,6,8,'2021-06-12',0),('fbe02',330988,6,9,'2021-06-12',0),('fbe02',330988,6,10,'2021-06-12',0),('fbe02',330988,6,11,'2021-06-12',0),('fbe02',330988,6,12,'2021-06-12',2),('fbe02',330988,6,13,'2021-06-12',1),('fbe02',331042,1,2,'2021-03-13',1),('fbe02',331042,1,3,'2021-03-13',0),('fbe02',331042,1,4,'2021-03-13',2),('fbe02',331042,1,6,'2021-03-13',0),('fbe02',331042,1,7,'2021-03-13',0),('fbe02',331042,1,8,'2021-03-13',0),('fbe02',331042,1,9,'2021-03-13',0),('fbe02',331042,3,3,'2021-04-18',0),('fbe02',331042,3,5,'2021-04-18',2),('fbe02',331042,3,6,'2021-04-18',0),('fbe02',331042,3,7,'2021-04-18',0),('fbe02',331042,3,8,'2021-04-18',0),('fbe02',331042,3,9,'2021-04-18',0),('fbe02',331042,3,10,'2021-04-18',0),('fbe02',331042,3,11,'2021-04-18',0),('fbe02',331042,3,12,'2021-04-18',0),('fbe02',331042,5,3,'2021-05-18',0),('fbe02',331042,5,5,'2021-05-18',2),('fbe02',331042,5,6,'2021-05-18',0),('fbe02',331042,5,7,'2021-05-18',0),('fbe02',331042,5,8,'2021-05-18',1),('fbe02',331042,5,9,'2021-05-18',0),('fbe02',331042,5,10,'2021-05-18',0),('fbe02',331042,5,11,'2021-05-18',1),('fbe02',331042,5,13,'2021-05-18',1),('fbe02',331042,6,3,'2021-06-19',0),('fbe02',331042,6,5,'2021-06-19',3),('fbe02',331042,6,6,'2021-06-19',1),('fbe02',331042,6,7,'2021-06-19',0),('fbe02',331042,6,8,'2021-06-19',0),('fbe02',331042,6,9,'2021-06-19',0),('fbe02',331042,6,10,'2021-06-19',0),('fbe02',331042,6,11,'2021-06-19',1),('fbe02',331042,6,12,'2021-06-19',0),('fbe02',331042,6,13,'2021-06-19',0),('fbe02',332052,1,2,'2021-03-13',1),('fbe02',332052,1,3,'2021-03-13',0),('fbe02',332052,1,4,'2021-03-13',2),('fbe02',332052,1,6,'2021-03-13',0),('fbe02',332052,1,7,'2021-03-13',0),('fbe02',332052,1,8,'2021-03-13',1),('fbe02',332052,1,9,'2021-03-13',0),('fbe02',332052,4,3,'2021-04-10',0),('fbe02',332052,4,5,'2021-04-10',2),('fbe02',332052,4,6,'2021-04-10',0),('fbe02',332052,4,7,'2021-04-10',1),('fbe02',332052,4,8,'2021-04-10',1),('fbe02',332052,4,9,'2021-04-10',0),('fbe02',332052,4,10,'2021-04-10',0),('fbe02',332052,4,11,'2021-04-10',2),('fbe02',332052,4,12,'2021-04-10',1),('fbe02',332052,5,3,'2021-05-18',0),('fbe02',332052,5,5,'2021-05-18',3),('fbe02',332052,5,6,'2021-05-18',0),('fbe02',332052,5,7,'2021-05-18',1),('fbe02',332052,5,8,'2021-05-18',0),('fbe02',332052,5,9,'2021-05-18',0),('fbe02',332052,5,10,'2021-05-18',0),('fbe02',332052,5,11,'2021-05-18',2),('fbe02',332052,5,13,'2021-05-18',1),('fbe02',332052,6,3,'2021-06-12',1),('fbe02',332052,6,5,'2021-06-12',3),('fbe02',332052,6,6,'2021-06-12',0),('fbe02',332052,6,7,'2021-06-12',0),('fbe02',332052,6,8,'2021-06-12',0),('fbe02',332052,6,9,'2021-06-12',0),('fbe02',332052,6,10,'2021-06-12',0),('fbe02',332052,6,11,'2021-06-12',2),('fbe02',332052,6,12,'2021-06-12',2),('fbe02',332052,6,13,'2021-06-12',1),('fbe02',332720,1,2,'2021-03-23',1),('fbe02',332720,1,3,'2021-03-23',0),('fbe02',332720,1,4,'2021-03-23',1),('fbe02',332720,1,6,'2021-03-23',0),('fbe02',332720,1,7,'2021-03-23',0),('fbe02',332720,1,8,'2021-03-23',1),('fbe02',332720,1,9,'2021-03-23',1),('fbe02',332720,1,10,'2021-03-23',0),('fbe02',332720,4,3,'2021-04-10',0),('fbe02',332720,4,5,'2021-04-10',2),('fbe02',332720,4,6,'2021-04-10',0),('fbe02',332720,4,7,'2021-04-10',0),('fbe02',332720,4,8,'2021-04-10',1),('fbe02',332720,4,9,'2021-04-10',0),('fbe02',332720,4,10,'2021-04-10',0),('fbe02',332720,4,11,'2021-04-10',2),('fbe02',332720,4,12,'2021-04-10',2),('fbe02',332720,5,3,'2021-05-18',0),('fbe02',332720,5,5,'2021-05-18',3),('fbe02',332720,5,6,'2021-05-18',0),('fbe02',332720,5,7,'2021-05-18',0),('fbe02',332720,5,8,'2021-05-18',0),('fbe02',332720,5,9,'2021-05-18',0),('fbe02',332720,5,10,'2021-05-18',0),('fbe02',332720,5,11,'2021-05-18',2),('fbe02',332720,5,13,'2021-05-18',1),('fbe02',332720,6,3,'2021-06-19',1),('fbe02',332720,6,5,'2021-06-19',2),('fbe02',332720,6,6,'2021-06-19',0),('fbe02',332720,6,7,'2021-06-19',0),('fbe02',332720,6,8,'2021-06-19',0),('fbe02',332720,6,9,'2021-06-19',0),('fbe02',332720,6,10,'2021-06-19',0),('fbe02',332720,6,11,'2021-06-19',1),('fbe02',332720,6,12,'2021-06-19',0),('fbe02',332720,6,13,'2021-06-19',1),('fbe02',332895,1,2,'2021-03-23',1),('fbe02',332895,1,3,'2021-03-23',0),('fbe02',332895,1,4,'2021-03-23',2),('fbe02',332895,1,6,'2021-03-23',0),('fbe02',332895,1,7,'2021-03-23',0),('fbe02',332895,1,8,'2021-03-23',0),('fbe02',332895,1,9,'2021-03-23',1),('fbe02',332895,1,10,'2021-03-23',0),('fbe02',332895,3,3,'2021-04-10',0),('fbe02',332895,3,5,'2021-04-10',2),('fbe02',332895,3,6,'2021-04-10',0),('fbe02',332895,3,7,'2021-04-10',0),('fbe02',332895,3,8,'2021-04-10',1),('fbe02',332895,3,9,'2021-04-10',1),('fbe02',332895,3,10,'2021-04-10',0),('fbe02',332895,3,11,'2021-04-10',2),('fbe02',332895,3,12,'2021-04-10',0),('fbe02',332895,4,3,'2021-04-10',0),('fbe02',332895,4,5,'2021-04-10',3),('fbe02',332895,4,6,'2021-04-10',0),('fbe02',332895,4,7,'2021-04-10',0),('fbe02',332895,4,8,'2021-04-10',1),('fbe02',332895,4,9,'2021-04-10',1),('fbe02',332895,4,10,'2021-04-10',0),('fbe02',332895,4,11,'2021-04-10',2),('fbe02',332895,4,12,'2021-04-10',0),('fbe02',332895,5,3,'2021-05-18',0),('fbe02',332895,5,5,'2021-05-18',3),('fbe02',332895,5,6,'2021-05-18',0),('fbe02',332895,5,7,'2021-05-18',0),('fbe02',332895,5,8,'2021-05-18',0),('fbe02',332895,5,9,'2021-05-18',0),('fbe02',332895,5,10,'2021-05-18',0),('fbe02',332895,5,11,'2021-05-18',1),('fbe02',332895,5,13,'2021-05-18',1),('fbe02',332895,6,3,'2021-06-12',1),('fbe02',332895,6,5,'2021-06-12',3),('fbe02',332895,6,6,'2021-06-12',0),('fbe02',332895,6,7,'2021-06-12',0),('fbe02',332895,6,8,'2021-06-12',0),('fbe02',332895,6,9,'2021-06-12',0),('fbe02',332895,6,10,'2021-06-12',0),('fbe02',332895,6,11,'2021-06-12',1),('fbe02',332895,6,12,'2021-06-12',2),('fbe02',332895,6,13,'2021-06-12',1),('fbe02',333059,1,2,'2021-03-23',0),('fbe02',333059,1,3,'2021-03-23',0),('fbe02',333059,1,4,'2021-03-23',2),('fbe02',333059,1,6,'2021-03-23',1),('fbe02',333059,1,7,'2021-03-23',0),('fbe02',333059,1,8,'2021-03-23',0),('fbe02',333059,1,9,'2021-03-23',0),('fbe02',333059,1,10,'2021-03-23',0),('fbe02',333059,4,3,'2021-04-10',0),('fbe02',333059,4,5,'2021-04-10',3),('fbe02',333059,4,6,'2021-04-10',1),('fbe02',333059,4,7,'2021-04-10',0),('fbe02',333059,4,8,'2021-04-10',1),('fbe02',333059,4,9,'2021-04-10',1),('fbe02',333059,4,10,'2021-04-10',0),('fbe02',333059,4,11,'2021-04-10',2),('fbe02',333059,4,12,'2021-04-10',2),('fbe02',333059,5,3,'2021-05-18',1),('fbe02',333059,5,5,'2021-05-18',3),('fbe02',333059,5,6,'2021-05-18',0),('fbe02',333059,5,7,'2021-05-18',1),('fbe02',333059,5,8,'2021-05-18',0),('fbe02',333059,5,9,'2021-05-18',0),('fbe02',333059,5,10,'2021-05-18',0),('fbe02',333059,5,11,'2021-05-18',2),('fbe02',333059,5,13,'2021-05-18',1),('fbe02',333059,6,3,'2021-06-19',1),('fbe02',333059,6,5,'2021-06-19',3),('fbe02',333059,6,6,'2021-06-19',0),('fbe02',333059,6,7,'2021-06-19',0),('fbe02',333059,6,8,'2021-06-19',0),('fbe02',333059,6,9,'2021-06-19',0),('fbe02',333059,6,10,'2021-06-19',0),('fbe02',333059,6,11,'2021-06-19',0),('fbe02',333059,6,12,'2021-06-19',2),('fbe02',333059,6,13,'2021-06-19',1),('fbe02',333180,1,2,'2021-03-13',1),('fbe02',333180,1,3,'2021-03-13',1),('fbe02',333180,1,4,'2021-03-13',2),('fbe02',333180,1,6,'2021-03-13',0),('fbe02',333180,1,7,'2021-03-13',1),('fbe02',333180,1,8,'2021-03-13',0),('fbe02',333180,1,9,'2021-03-13',1),('fbe02',333180,3,3,'2021-04-10',0),('fbe02',333180,3,5,'2021-04-10',3),('fbe02',333180,3,6,'2021-04-10',0),('fbe02',333180,3,7,'2021-04-10',0),('fbe02',333180,3,8,'2021-04-10',1),('fbe02',333180,3,9,'2021-04-10',1),('fbe02',333180,3,10,'2021-04-10',0),('fbe02',333180,3,11,'2021-04-10',2),('fbe02',333180,3,12,'2021-04-10',1),('fbe02',333180,5,3,'2021-05-18',1),('fbe02',333180,5,5,'2021-05-18',3),('fbe02',333180,5,6,'2021-05-18',1),('fbe02',333180,5,7,'2021-05-18',0),('fbe02',333180,5,8,'2021-05-18',0),('fbe02',333180,5,9,'2021-05-18',0),('fbe02',333180,5,10,'2021-05-18',0),('fbe02',333180,5,11,'2021-05-18',2),('fbe02',333180,5,13,'2021-05-18',1),('fbe02',333180,6,3,'2021-06-12',1),('fbe02',333180,6,5,'2021-06-12',3),('fbe02',333180,6,6,'2021-06-12',1),('fbe02',333180,6,7,'2021-06-12',1),('fbe02',333180,6,8,'2021-06-12',0),('fbe02',333180,6,9,'2021-06-12',0),('fbe02',333180,6,10,'2021-06-12',0),('fbe02',333180,6,11,'2021-06-12',2),('fbe02',333180,6,12,'2021-06-12',2),('fbe02',333180,6,13,'2021-06-12',1),('fbe02',333181,1,2,'2021-03-23',1),('fbe02',333181,1,3,'2021-03-23',0),('fbe02',333181,1,4,'2021-03-23',2),('fbe02',333181,1,6,'2021-03-23',0),('fbe02',333181,1,7,'2021-03-23',0),('fbe02',333181,1,8,'2021-03-23',0),('fbe02',333181,1,9,'2021-03-23',0),('fbe02',333181,1,10,'2021-03-23',0),('fbe02',333181,4,3,'2021-04-10',1),('fbe02',333181,4,5,'2021-04-10',3),('fbe02',333181,4,6,'2021-04-10',0),('fbe02',333181,4,7,'2021-04-10',1),('fbe02',333181,4,8,'2021-04-10',0),('fbe02',333181,4,9,'2021-04-10',1),('fbe02',333181,4,10,'2021-04-10',0),('fbe02',333181,4,11,'2021-04-10',2),('fbe02',333181,4,12,'2021-04-10',2),('fbe02',333181,5,3,'2021-05-18',0),('fbe02',333181,5,5,'2021-05-18',3),('fbe02',333181,5,6,'2021-05-18',0),('fbe02',333181,5,7,'2021-05-18',0),('fbe02',333181,5,8,'2021-05-18',0),('fbe02',333181,5,9,'2021-05-18',1),('fbe02',333181,5,10,'2021-05-18',0),('fbe02',333181,5,11,'2021-05-18',2),('fbe02',333181,5,13,'2021-05-18',1),('fbe02',333181,6,3,'2021-06-12',1),('fbe02',333181,6,5,'2021-06-12',3),('fbe02',333181,6,6,'2021-06-12',0),('fbe02',333181,6,7,'2021-06-12',1),('fbe02',333181,6,8,'2021-06-12',0),('fbe02',333181,6,9,'2021-06-12',1),('fbe02',333181,6,10,'2021-06-12',0),('fbe02',333181,6,11,'2021-06-12',2),('fbe02',333181,6,12,'2021-06-12',2),('fbe02',333181,6,13,'2021-06-12',1);
/*!40000 ALTER TABLE `beoordeling` ENABLE KEYS */;
UNLOCK TABLES;

--
-- Table structure for table `beoordeling_methode`
--

DROP TABLE IF EXISTS `beoordeling_methode`;
/*!40101 SET @saved_cs_client     = @@character_set_client */;
/*!40101 SET character_set_client = utf8 */;
CREATE TABLE `beoordeling_methode` (
  `id` int(11) NOT NULL AUTO_INCREMENT,
  `naam` varchar(45) COLLATE utf8_bin NOT NULL,
  `omschrijving` varchar(255) COLLATE utf8_bin DEFAULT NULL,
  `min` tinyint(3) DEFAULT NULL,
  `max` tinyint(3) DEFAULT NULL,
  PRIMARY KEY (`id`)
) ENGINE=InnoDB AUTO_INCREMENT=9 DEFAULT CHARSET=utf8 COLLATE=utf8_bin;
/*!40101 SET character_set_client = @saved_cs_client */;

--
-- Dumping data for table `beoordeling_methode`
--

LOCK TABLES `beoordeling_methode` WRITE;
/*!40000 ALTER TABLE `beoordeling_methode` DISABLE KEYS */;
INSERT INTO `beoordeling_methode` VALUES (1,'NeeJa','Is er al dan niet aan de voorwaarde voldaan?',0,1),(2,'IVG','Incompleet Voldoende Goed',0,3),(3,'Cijfer (%)','Cijfer als percentage',0,100),(4,'Cijfer(1)','Cijfer minimaal 1',10,100),(5,'NMJ','Nee, Matig, Ja',0,2),(6,'Bias','Constante waarde',1,1),(7,'Dag te laat','Aantal dagen te laat ingeleverd',0,30),(8,'Week te laat','Aantal weken te laat ingeleverd',0,10);
/*!40000 ALTER TABLE `beoordeling_methode` ENABLE KEYS */;
UNLOCK TABLES;

--
-- Temporary view structure for view `beoordeling_uitgebreid`
--

DROP TABLE IF EXISTS `beoordeling_uitgebreid`;
/*!50001 DROP VIEW IF EXISTS `beoordeling_uitgebreid`*/;
SET @saved_cs_client     = @@character_set_client;
SET character_set_client = utf8;
/*!50001 CREATE VIEW `beoordeling_uitgebreid` AS SELECT 
 1 AS `docentcode`,
 1 AS `nummer`,
 1 AS `project_id`,
 1 AS `datum`,
 1 AS `naam`,
 1 AS `waardering`*/;
SET character_set_client = @saved_cs_client;

--
-- Temporary view structure for view `cijfers_excel`
--

DROP TABLE IF EXISTS `cijfers_excel`;
/*!50001 DROP VIEW IF EXISTS `cijfers_excel`*/;
SET @saved_cs_client     = @@character_set_client;
SET character_set_client = utf8;
/*!50001 CREATE VIEW `cijfers_excel` AS SELECT 
 1 AS `nummer`,
 1 AS `naam`,
 1 AS `project_id`,
 1 AS `project`,
 1 AS `cijfer`,
 1 AS `datum`*/;
SET character_set_client = @saved_cs_client;

--
-- Temporary view structure for view `cijfers_tijdelijk`
--

DROP TABLE IF EXISTS `cijfers_tijdelijk`;
/*!50001 DROP VIEW IF EXISTS `cijfers_tijdelijk`*/;
SET @saved_cs_client     = @@character_set_client;
SET character_set_client = utf8;
/*!50001 CREATE VIEW `cijfers_tijdelijk` AS SELECT 
 1 AS `naam`,
 1 AS `project`,
 1 AS `cijfer`*/;
SET character_set_client = @saved_cs_client;

--
-- Table structure for table `criterium`
--

DROP TABLE IF EXISTS `criterium`;
/*!40101 SET @saved_cs_client     = @@character_set_client */;
/*!40101 SET character_set_client = utf8 */;
CREATE TABLE `criterium` (
  `id` int(11) NOT NULL AUTO_INCREMENT,
  `naam` varchar(45) COLLATE utf8_bin NOT NULL,
  `omschrijving` varchar(255) COLLATE utf8_bin DEFAULT NULL,
  `methodeid` int(11) NOT NULL,
  `autocalc` tinyint(1) NOT NULL DEFAULT '1',
  PRIMARY KEY (`id`),
  UNIQUE KEY `naam_UNIQUE` (`naam`),
  KEY `fk_criterium_methode_idx` (`methodeid`),
  CONSTRAINT `fk_criterium_methode` FOREIGN KEY (`methodeid`) REFERENCES `beoordeling_methode` (`id`) ON DELETE NO ACTION ON UPDATE NO ACTION
) ENGINE=InnoDB AUTO_INCREMENT=16 DEFAULT CHARSET=utf8 COLLATE=utf8_bin;
/*!40101 SET character_set_client = @saved_cs_client */;

--
-- Dumping data for table `criterium`
--

LOCK TABLES `criterium` WRITE;
/*!40000 ALTER TABLE `criterium` DISABLE KEYS */;
INSERT INTO `criterium` VALUES (1,'PEGI-12','Spel is geschikt voor 12 jaar. Geen sex en bloed.',1,0),(2,'Commentaar (J/N)','Code bevat commentaar',1,1),(3,'Functies (J/N)','Code is opgedeeld in functies',1,1),(4,'Functioneert (NMJ)','Code functioneert (Nee, Matig, Ja)',5,1),(5,'Functioneert (IVG)','Code functioneert (Incompleet, Voldoende, Goed)',2,1),(6,'Variatie eenvoudig','Programma bevat een eenvoudige variant',1,0),(7,'Variatie moeilijk','Porgramma bevat een complexe variant',1,1),(8,'Samenwerker','Student heeft samengewerkt',1,1),(9,'Helper','Student heeft anderen geholpen',1,1),(10,'Te laat ingeleverd','Werk is aantal weken te laat ingeleverd',8,0),(11,'Commentaar (NMJ)','Zinvol commentaar als waardevolle toevoeging.',5,1),(12,'Layout toegepast (NMJ)','Leerling gebruikt Layout skills',5,1),(13,'Arrays (J/N)','In de code worden arrays gebruikt.',1,1),(14,'Code uitleggen','Student kan kritische vragen over de code beantwoorden.',5,1),(15,'Code aanpassen','Student kan succesvol wijzigingen in de code aanbrengen.',5,1);
/*!40000 ALTER TABLE `criterium` ENABLE KEYS */;
UNLOCK TABLES;

--
-- Table structure for table `criterium_groep`
--

DROP TABLE IF EXISTS `criterium_groep`;
/*!40101 SET @saved_cs_client     = @@character_set_client */;
/*!40101 SET character_set_client = utf8 */;
CREATE TABLE `criterium_groep` (
  `id` int(11) NOT NULL AUTO_INCREMENT,
  `parent_groep` int(11) DEFAULT NULL,
  `parent_project` int(11) DEFAULT NULL,
  `methode` tinyint(1) NOT NULL DEFAULT '1' COMMENT '1 = sum, 2 = avg, 3 = min, 4 = max, 5= other',
  `naam` varchar(45) COLLATE utf8_bin NOT NULL DEFAULT 'Hoofdgroep',
  PRIMARY KEY (`id`),
  KEY `fk_cg_cg_idx` (`parent_groep`),
  KEY `fk_cg_project_idx` (`parent_project`),
  CONSTRAINT `fk_cg_cg` FOREIGN KEY (`parent_groep`) REFERENCES `criterium_groep` (`id`) ON DELETE NO ACTION ON UPDATE NO ACTION,
  CONSTRAINT `fk_cg_project` FOREIGN KEY (`parent_project`) REFERENCES `project` (`id`) ON DELETE NO ACTION ON UPDATE NO ACTION
) ENGINE=InnoDB AUTO_INCREMENT=18 DEFAULT CHARSET=utf8 COLLATE=utf8_bin;
/*!40101 SET character_set_client = @saved_cs_client */;

--
-- Dumping data for table `criterium_groep`
--

LOCK TABLES `criterium_groep` WRITE;
/*!40000 ALTER TABLE `criterium_groep` DISABLE KEYS */;
INSERT INTO `criterium_groep` VALUES (1,NULL,2,1,'Hoofdgroep'),(3,NULL,3,1,'Hoofdgroep'),(4,NULL,4,1,'Hoofdgroep'),(5,NULL,5,1,'Hoofdgroep'),(6,NULL,6,1,'Hoofdgroep'),(10,NULL,10,1,'Hoofdgroep'),(12,NULL,12,1,'Hoofdgroep'),(14,NULL,14,1,'Hoofdgroep'),(15,NULL,15,1,'Hoofdgroep'),(16,NULL,16,1,'Hoofdgroep'),(17,NULL,17,1,'Hoofdgroep');
/*!40000 ALTER TABLE `criterium_groep` ENABLE KEYS */;
UNLOCK TABLES;

--
-- Table structure for table `docent`
--

DROP TABLE IF EXISTS `docent`;
/*!40101 SET @saved_cs_client     = @@character_set_client */;
/*!40101 SET character_set_client = utf8 */;
CREATE TABLE `docent` (
  `code` varchar(5) COLLATE utf8_bin NOT NULL,
  `voornaam` varchar(45) COLLATE utf8_bin NOT NULL,
  `achternaam` varchar(45) COLLATE utf8_bin NOT NULL,
  `aanspreekvorm` varchar(100) COLLATE utf8_bin NOT NULL COMMENT 'Bijv. Meneer Bonte of gewoon Rients',
  `username` varchar(25) COLLATE utf8_bin NOT NULL,
  `password` varchar(40) COLLATE utf8_bin NOT NULL,
  `salt` int(11) NOT NULL,
  PRIMARY KEY (`code`),
  UNIQUE KEY `username` (`username`)
) ENGINE=InnoDB DEFAULT CHARSET=utf8 COLLATE=utf8_bin;
/*!40101 SET character_set_client = @saved_cs_client */;

--
-- Dumping data for table `docent`
--

LOCK TABLES `docent` WRITE;
/*!40000 ALTER TABLE `docent` DISABLE KEYS */;
INSERT INTO `docent` VALUES ('dms02','Dominick','Meets','Dominick','','d6d55f44bcc66e447930150826e5a931',89298),('fbe02','Frederik','Bonte','meneer Bonte','fbonte','549a6ca31585412f64f1a3d74e45bd7b',36335),('jng01','Michel','de Jong','meneer de Jong','mrmichel','',0),('kbk01','Kenneth','van Beek','Kenneth','mrkenneth','298fe6602456bbd6005cad869e4c8304',30135),('lwl01','Lucas','Weel','Lucas','mrlucas','',0),('rda01','Rients','Dijkstra','Rients','mrrients','fad4c0cff075f35d0bbcb0f38c759289',10131),('ytr01','Yilmaz','Tamer','meneer Tamer','mryilmaz','',0);
/*!40000 ALTER TABLE `docent` ENABLE KEYS */;
UNLOCK TABLES;
/*!50003 SET @saved_cs_client      = @@character_set_client */ ;
/*!50003 SET @saved_cs_results     = @@character_set_results */ ;
/*!50003 SET @saved_col_connection = @@collation_connection */ ;
/*!50003 SET character_set_client  = utf8mb4 */ ;
/*!50003 SET character_set_results = utf8mb4 */ ;
/*!50003 SET collation_connection  = utf8mb4_general_ci */ ;
/*!50003 SET @saved_sql_mode       = @@sql_mode */ ;
/*!50003 SET sql_mode              = 'NO_AUTO_VALUE_ON_ZERO' */ ;
DELIMITER ;;
/*!50003 CREATE*/ /*!50017 DEFINER=`frederik`@`%`*/ /*!50003 TRIGGER `TRG_NEW_TEACHER` BEFORE INSERT ON `docent` FOR EACH ROW SET NEW.salt = FLOOR((RAND()*90000)+10000),
NEW.password = MD5(concat(NEW.password, NEW.salt)) */;;
DELIMITER ;
/*!50003 SET sql_mode              = @saved_sql_mode */ ;
/*!50003 SET character_set_client  = @saved_cs_client */ ;
/*!50003 SET character_set_results = @saved_cs_results */ ;
/*!50003 SET collation_connection  = @saved_col_connection */ ;
/*!50003 SET @saved_cs_client      = @@character_set_client */ ;
/*!50003 SET @saved_cs_results     = @@character_set_results */ ;
/*!50003 SET @saved_col_connection = @@collation_connection */ ;
/*!50003 SET character_set_client  = utf8mb4 */ ;
/*!50003 SET character_set_results = utf8mb4 */ ;
/*!50003 SET collation_connection  = utf8mb4_general_ci */ ;
/*!50003 SET @saved_sql_mode       = @@sql_mode */ ;
/*!50003 SET sql_mode              = 'NO_AUTO_VALUE_ON_ZERO' */ ;
DELIMITER ;;
/*!50003 CREATE*/ /*!50017 DEFINER=`frederik`@`%`*/ /*!50003 TRIGGER `TRG_UPDATE_TEACHER` BEFORE UPDATE ON `docent` FOR EACH ROW IF (NEW.password != OLD.password)
THEN
SET NEW.salt = FLOOR((RAND()*90000)+10000),
NEW.password = MD5(concat(NEW.password, NEW.salt));
END IF */;;
DELIMITER ;
/*!50003 SET sql_mode              = @saved_sql_mode */ ;
/*!50003 SET character_set_client  = @saved_cs_client */ ;
/*!50003 SET character_set_results = @saved_cs_results */ ;
/*!50003 SET collation_connection  = @saved_col_connection */ ;

--
-- Table structure for table `docent_klas`
--

DROP TABLE IF EXISTS `docent_klas`;
/*!40101 SET @saved_cs_client     = @@character_set_client */;
/*!40101 SET character_set_client = utf8 */;
CREATE TABLE `docent_klas` (
  `docentcode` varchar(5) COLLATE utf8_bin NOT NULL,
  `klascode` varchar(5) COLLATE utf8_bin NOT NULL,
  PRIMARY KEY (`docentcode`,`klascode`),
  KEY `fk_klas_idx` (`klascode`),
  CONSTRAINT `fk_docent` FOREIGN KEY (`docentcode`) REFERENCES `docent` (`code`) ON DELETE NO ACTION ON UPDATE NO ACTION,
  CONSTRAINT `fk_klas` FOREIGN KEY (`klascode`) REFERENCES `klas` (`code`) ON DELETE NO ACTION ON UPDATE NO ACTION
) ENGINE=InnoDB DEFAULT CHARSET=utf8 COLLATE=utf8_bin;
/*!40101 SET character_set_client = @saved_cs_client */;

--
-- Dumping data for table `docent_klas`
--

LOCK TABLES `docent_klas` WRITE;
/*!40000 ALTER TABLE `docent_klas` DISABLE KEYS */;
INSERT INTO `docent_klas` VALUES ('fbe02','0SV1n'),('fbe02','0SV2n'),('fbe02','1SV1'),('fbe02','9FA1'),('jng01','8FA1'),('jng01','9FA1'),('kbk01','21SD'),('kbk01','test'),('rda01','test');
/*!40000 ALTER TABLE `docent_klas` ENABLE KEYS */;
UNLOCK TABLES;

--
-- Table structure for table `docent_locatie`
--

DROP TABLE IF EXISTS `docent_locatie`;
/*!40101 SET @saved_cs_client     = @@character_set_client */;
/*!40101 SET character_set_client = utf8 */;
CREATE TABLE `docent_locatie` (
  `docentcode` varchar(5) COLLATE utf8_bin NOT NULL,
  `locatiecode` varchar(5) COLLATE utf8_bin NOT NULL,
  PRIMARY KEY (`docentcode`,`locatiecode`),
  KEY `FK_docent_locatie_locatie_idx` (`locatiecode`),
  CONSTRAINT `FK_docent_locatie_locatie` FOREIGN KEY (`locatiecode`) REFERENCES `locatie` (`code`) ON DELETE NO ACTION ON UPDATE NO ACTION,
  CONSTRAINT `FK_docent_locatie_docent` FOREIGN KEY (`docentcode`) REFERENCES `docent` (`code`) ON DELETE NO ACTION ON UPDATE NO ACTION
) ENGINE=InnoDB DEFAULT CHARSET=utf8 COLLATE=utf8_bin;
/*!40101 SET character_set_client = @saved_cs_client */;

--
-- Dumping data for table `docent_locatie`
--

LOCK TABLES `docent_locatie` WRITE;
/*!40000 ALTER TABLE `docent_locatie` DISABLE KEYS */;
INSERT INTO `docent_locatie` VALUES ('dms02','ENAR1'),('dms02','TEST'),('fbe02','ALSU'),('fbe02','ENAR1'),('fbe02','TEST'),('jng01','ALSU'),('jng01','TEST'),('kbk01','ENAR1'),('kbk01','TEST'),('lwl01','ENAR1'),('lwl01','TEST'),('rda01','ENAR1'),('rda01','TEST'),('ytr01','ALSU'),('ytr01','TEST');
/*!40000 ALTER TABLE `docent_locatie` ENABLE KEYS */;
UNLOCK TABLES;

--
-- Table structure for table `docent_rol`
--

DROP TABLE IF EXISTS `docent_rol`;
/*!40101 SET @saved_cs_client     = @@character_set_client */;
/*!40101 SET character_set_client = utf8 */;
CREATE TABLE `docent_rol` (
  `docentcode` varchar(5) COLLATE utf8_bin NOT NULL,
  `rol` int(11) NOT NULL,
  PRIMARY KEY (`docentcode`,`rol`),
  KEY `FK_docent_rol_rol` (`rol`),
  CONSTRAINT `FK_docent_rol_docent` FOREIGN KEY (`docentcode`) REFERENCES `docent` (`code`),
  CONSTRAINT `FK_docent_rol_rol` FOREIGN KEY (`rol`) REFERENCES `rollen` (`id`)
) ENGINE=InnoDB DEFAULT CHARSET=utf8 COLLATE=utf8_bin;
/*!40101 SET character_set_client = @saved_cs_client */;

--
-- Dumping data for table `docent_rol`
--

LOCK TABLES `docent_rol` WRITE;
/*!40000 ALTER TABLE `docent_rol` DISABLE KEYS */;
INSERT INTO `docent_rol` VALUES ('fbe02',1),('kbk01',1),('rda01',1);
/*!40000 ALTER TABLE `docent_rol` ENABLE KEYS */;
UNLOCK TABLES;

--
-- Table structure for table `evaluatie`
--

DROP TABLE IF EXISTS `evaluatie`;
/*!40101 SET @saved_cs_client     = @@character_set_client */;
/*!40101 SET character_set_client = utf8 */;
CREATE TABLE `evaluatie` (
  `docentcode` varchar(5) COLLATE utf8_bin NOT NULL,
  `leerlingnummer` int(11) NOT NULL,
  `datum` date NOT NULL,
  `tijd` time NOT NULL COMMENT 'Als in hoe lang duurde het gesprek.',
  `notitie` varchar(500) COLLATE utf8_bin NOT NULL,
  `resultaat` tinyint(1) NOT NULL DEFAULT '-1',
  PRIMARY KEY (`docentcode`,`leerlingnummer`,`datum`),
  KEY `fk_evaluatie_student_idx` (`leerlingnummer`),
  CONSTRAINT `fk_evaluatie_docent` FOREIGN KEY (`docentcode`) REFERENCES `docent` (`code`) ON DELETE NO ACTION ON UPDATE NO ACTION,
  CONSTRAINT `fk_evaluatie_student` FOREIGN KEY (`leerlingnummer`) REFERENCES `leerling` (`nummer`) ON DELETE NO ACTION ON UPDATE NO ACTION
) ENGINE=InnoDB DEFAULT CHARSET=utf8 COLLATE=utf8_bin;
/*!40101 SET character_set_client = @saved_cs_client */;

--
-- Dumping data for table `evaluatie`
--

LOCK TABLES `evaluatie` WRITE;
/*!40000 ALTER TABLE `evaluatie` DISABLE KEYS */;
INSERT INTO `evaluatie` VALUES ('fbe02',123456,'2021-02-11','00:05:00','Vandaag gepraat met Stijn!',-1),('fbe02',123456,'2021-03-24','00:01:27','Klokje loopt.\r\nWarning kleur werkt!\r\nEn ook de OMG geen tijd meer kleur!!!\r\nMin tijd is 0:00, maar werkelijke tijd wordt opgeslagen!',-1),('fbe02',309723,'2021-02-09','00:05:00','Wel de reverse functie, maar geen palindromen.\r\nKan wel algoritme uitleggen.\r\nMag iets meer tempo in.\r\n',-1),('fbe02',309723,'2021-03-09','00:05:00','Onderweg met een stukje code. Ook commentaar.\r\nPlan is duidelijk, maar uitwerking is \"anders\": \"text\" is niet het type \"string\". Variabele namen verzinnen is een uitdaging geeft Baran aan.\r\n\r\nNa uitleg positief over inleveren op vrijdag of zaterdag.',-1),('fbe02',309723,'2021-03-16','00:05:00','Niet vergeten in te leveren. Baran gaat de Alarmklok doen.\r\n',-1),('fbe02',309723,'2021-03-23','00:05:00','Alarmklok interface werkt.\r\nGebruiker moet wel een alarm tijd kunnen instellen.\r\nBaran gaat uitzoeken hoe je de tijd moet formatteren.',-1),('fbe02',309723,'2021-04-13','00:00:23','Baran heeft een plan. \r\nVideo\'s kijken en een applicatie maken.',-1),('fbe02',309723,'2021-04-20','00:05:23','Alarmklok aan het afmaken.\r\nOok de huidige tijd laten zien.\r\nZorgen dat de layout werkt. Functies om de huidige tijd te laten zien.\r\nBerichtje tonen voor als het alarm afgaat. (Geluid is optioneel.)',-1),('fbe02',309723,'2021-05-11','00:05:12','Nog niet veel verder gegaan in de vakantie.\r\nAl wel 1 stuiterende sneeuwvlok.\r\n',-1),('fbe02',309723,'2021-05-25','00:02:41','Nog niet begonnen, eerst memory goed snappen.\r\nMemory, maar dan in plaats van vlaggen, een rondje of een kruisje.\r\n',-1),('fbe02',309723,'2021-06-01','00:02:02','Baran gaat de tutorial volgen, nadeel is dat daar geen array wordt gebruikt.\r\n',-1),('fbe02',309723,'2021-06-08','00:05:19','Deel van de tutorial werkt.\r\nOm de beurt X en O aan de beurt. (boolean)\r\nButtons nog toevoegen aan een array.\r\nEn de combofunctie schrijven.',-1),('fbe02',310755,'2021-02-09','00:05:00','Kapotte experimenten verwijderd. :(\r\nMet Visual Studio moet je oefenen.\r\nReverse functie uitwerken aan de hand van de video.',-1),('fbe02',310755,'2021-03-02','00:05:00','Mathijs gaat beginnen aan de woorden apart opdracht.\r\nDe fix dit opgave is ook speciaal voor hem.',-1),('fbe02',310755,'2021-03-09','00:05:00','Nog niet splits de woorden begonnen.\r\nPlannetje is duidelijk.\r\nMathijs kijkt de videos\'s over functies en listbox.',-1),('fbe02',310755,'2021-03-16','00:05:00','Mathijs gaat de splits opdracht bouwen in een console applicatie.\r\nAls hij (en Yorrith) het volgende week lukt. Geen punt aftrek.',-1),('fbe02',310755,'2021-03-23','00:05:00','Begin van de code wel. \r\nMissen nog een paar stukjes.\r\nEerst dit even afmaken. Dan hebben we een werkende applicatie.\r\n',-1),('fbe02',310755,'2021-03-30','00:04:15','Applicatie werkte bijna. Niet veel verder gekomen. :-(\r\n',-1),('fbe02',310755,'2021-04-06','00:01:58','Vader (of broer) gevraagd om te helpen.\r\nWoorden splitser en samen met broer de FontViewer.\r\n',-1),('fbe02',310755,'2021-04-20','00:05:08','Video\'s volgen over tekenen. En eventueel array van stuiterende balletjes programmeren. Mathijs gaat de sneeuwballen opdracht uitvoeren.',-1),('fbe02',310755,'2021-05-11','00:03:40','Meedoen met de video\'s.  Meerdere stuiterende balletjes is een acceptabele oplossing.',-1),('fbe02',310755,'2021-05-25','00:03:37','Vorige opdracht samen met familie uiteindelijk gelukt!\r\nBezig met sneeuwvlokken. Na gesprek met mevrouw Stoop eind opleiding in zicht.',-1),('fbe02',318903,'2021-02-09','00:05:00','Oeps niet begonnen aan de palindromen thingies.\r\nGaat al zelf met aan het werk met Visual Studio.\r\nAfgesproken dat de reverse functie werkt.',-1),('fbe02',318903,'2021-03-09','00:05:00','Nog niet begonnen. Durft nog niet een vraag te stellen.\r\nPlannetje lijkt duidelijk gaat aan het werk.\r\nNormaals de reverse functie. Overlegt met Thijs als hij vast loopt.',-1),('fbe02',318903,'2021-03-16','00:05:00','Liam heeft de reverse functie compleet (paar typefoutjes)\r\nGaat nu beginnen aan de woorden apart opdracht. Streven naar inleveren op vrijdag. :)\r\n(Geen probleem maken van zaterdag.)',-1),('fbe02',318903,'2021-03-23','00:05:00','Helemaal zonder video is toch echt anders.\r\nIk weet welke kant ik op moet.\r\nFont family en grootte hebben we een plan voor.',-1),('fbe02',318903,'2021-03-30','00:08:10','Interface werkt.\r\nButton moet drie dingen doen.\r\nLees het gekozen font. (video listboxes)\r\nLees de gekozen grootte (numericUpDown video)\r\nFont myFont = new Font(myName, mySize);\r\ntxtExample.Font = myFont;\r\ntxtExample.Text = \"Voorbeeld tekst in font : \"+myName;',-1),('fbe02',318903,'2021-04-06','00:01:07','Code moet nog \"even\". (Druk met verjaardagen. :))\r\n',-1),('fbe02',318903,'2021-04-13','00:11:06','Samen met Iwan en Thijmen de FontViewer afmaken.\r\nVideo\'s kijken met meedoen. ',-1),('fbe02',318903,'2021-04-20','00:02:32','Nog niet begonnen aan de video\'s.\r\nNogmaals afgesproken om de video\'s te volgen. En mee te programmeren.',-1),('fbe02',318903,'2021-05-11','00:10:23','Nu echt tijd om aan het werk te gaan...\r\nAfgesproken om wel verder te gaan met de sneeuwvlokken.\r\n',-1),('fbe02',319494,'2021-02-09','00:05:00','Ivo gaat andere opleiding doen met Caspar.\r\nEven kijken in welke mate Ivo mee gaat doen met de lessen.',-1),('fbe02',322259,'2021-02-09','00:05:00','Christian gaat goed qua programmeren. Snapt hoe code werkt.\r\nFuncties compleet. Al bezig met de woorden apart opdracht...',-1),('fbe02',322259,'2021-02-17','00:05:00','Christian belooft om twee lijsten bij te houden.\r\nEne lijst korter dan vijf letters omgekeerd.\r\nDus \"best\" wordt \"tseb\".\r\nVijf letters of langer daarvan worden \'o\' en \'a\'s omgekeerd.\r\nDus \"groenekaas\" graenekoos\"',-1),('fbe02',322259,'2021-03-02','00:05:00','Woorden apart code werkt. Twee lijsten met verschillende woorden.\r\nChristian gaat zijn eigen replace functie schrijven.',-1),('fbe02',322259,'2021-03-09','00:05:00','Applicatie werkt, ook de variatie draai sommige letters om.\r\nCommentaar is voor handen. \r\nChristian gaat de OtoA functie nog voorzien van commentaar.\r\n',-1),('fbe02',322259,'2021-03-13','00:05:00','Overcomplete applicatie met verschillende functies. Allemaal gedocumenteerd. En de capaciteit voor een aantal variaties. Duidelijk te zien dat hier tijd in gestoken is!',-1),('fbe02',322259,'2021-03-23','00:05:00','Klok loopt. Interface ziet er mooi uit.\r\nPlan om tijd in 12 of 24 uur notatie te tonen.',-1),('fbe02',322259,'2021-03-30','00:30:47','De tijdnotatie is nog even uitzoeken.\r\nBest lastig AM/PM keuze. :)\r\n',-1),('fbe02',322259,'2021-04-06','00:02:36','Afronden van de AlarmKlok. Rustig bezig met de FontViewer.',-1),('fbe02',322259,'2021-04-20','00:14:36','Sneeuwvlokken vallen, maar stapelen zich in de linker bovenhoek...\r\nMisschien iets mis met de RNG?\r\nDay time cycle met muziek werkt al. :)\r\n\r\nArray van Rectangles! :)',-1),('fbe02',322259,'2021-05-11','00:11:58','Sneeuwvlokken werkt, alleen resize was even puzzelen.\r\nMaakt gebruik van een array met rectangles.',-1),('fbe02',322259,'2021-05-25','00:08:16','Bezig met uitzoeken hoe plaatjes op de buttons moeten.\r\nOok uitzoeken welke speler aan de beurt is, is nog even lastig. :)',-1),('fbe02',322259,'2021-06-01','00:12:19','Speler wisselen werkt nu... \r\nCode begint te werken. \r\nVolgorde van functies is voor Christian belangrijk!',-1),('fbe02',322259,'2021-06-08','00:07:49','Bijna klaar. Nu nog leuke dingen...\r\nSplash screen toevoegen.\r\nRest van spelletje werkt helemaal!\r\n',-1),('fbe02',326576,'2021-02-09','00:05:00','Samen met Thijmen en Wendy.\r\nWeet wat alles betekent. Nog niet wat ik moet doen.\r\nWebdesign is EASY. Dat stukje snap ik wel. :)\r\n',-1),('fbe02',326576,'2021-03-02','00:05:00','Palindromen werkt, samen met Thijmen en Wendy.\r\nNu aan het werk met de palindromen.',-1),('fbe02',326576,'2021-03-09','00:05:00','Plannetje uitwerken is nog een dingetje, maar er staat een stukje code, en het plan is duidelijk. Planning is om vrijdag of zaterdag in te leveren.',-1),('fbe02',326576,'2021-03-13','00:05:00','Code van Fiona functioneert. Er staat een vorm van commentaar. Niet alle stukken van de code hebben een duidelijke functie. :)',-1),('fbe02',326576,'2021-03-23','00:05:00','Samen met Chris en Thijmen de alarmklok.\r\nDaadwerkelijk een alarm kunnen zetten inderdaad.\r\nMessageBox.Show uitgelegd.',-1),('fbe02',326576,'2021-03-30','00:00:28','Fiona heeft een werkende alarmklok ingeleverd.\r\nBeetje spartaans, maar het werkt. :)\r\nGaat nu verder met de fontviewer...',-1),('fbe02',326576,'2021-04-06','00:06:15','Rustig Pasen gevierd, nog niet verder gegaan.\r\n',-1),('fbe02',326576,'2021-04-13','00:06:23','Tekenen lukt.\r\nFiona is onderweg.',-1),('fbe02',326576,'2021-04-20','00:00:37','Achtergrond al wel, vandaag 1 sneeuwvlok!\r\nDruk met andere dingen!',-1),('fbe02',326576,'2021-05-11','00:01:24','Nog niet veel verder gekomen. Maar de sneeuwvlok animeert nu. Valt naar beneden...',-1),('fbe02',326576,'2021-05-25','00:02:47','Stukje code begint al.\r\nClear button staat OOK in de array. Niet zo handig.\r\nAplication.Restart(); :)\r\nSpelers wisselen met een boolean.',-1),('fbe02',326576,'2021-06-01','00:00:22','Nog steeds aan het nadenken over hoe de de speler moet wisselen. :)\r\nNog niet verder gekomen.',-1),('fbe02',326576,'2021-06-08','00:02:43','Speler wisselen werkt.\r\nNu bezig met de code om te checken of drie buttons drie op een rij hebben.',-1),('fbe02',326584,'2021-02-09','00:05:00','Volgen van de lessen gaat heel goed.\r\nWel zelf werken in Visual Studio is erg belangrijk.\r\nZelf aan het werk.',-1),('fbe02',326584,'2021-03-02','00:05:00','Iwan gaat beginnen aan de woorden apart functie.\r\nGaat vragen stellen als hij vastloop.\r\nVolgt wel de videos.',-1),('fbe02',326584,'2021-03-09','00:05:00','Interface staat klaar.\r\nIwan snapt het plannetje.\r\nDoet zijn best om het uit te werken.\r\n',-1),('fbe02',326584,'2021-03-16','00:05:00','Zat nog een klein foutje in de code. Gefixt en nou werkt het.\r\nIwan gaat de FontViewer opdracht uitvoeren.',-1),('fbe02',326584,'2021-03-23','00:05:00','Bezig met de layout. Duidelijk welke componenten gebruikt moeten worden. Plannetje is helder.',-1),('fbe02',326584,'2021-04-06','00:02:54','Nog niet veel verder gekomen. Samen verder met Liam en Thijmen. Wel IETS inleveren op vrijdag.',-1),('fbe02',326584,'2021-04-13','00:02:25','Iwan gaat de FontViewer nog een keer inleveren.\r\nVideo\'s volgen en meetypen is even het plan!',-1),('fbe02',326584,'2021-04-20','00:02:26','Bezig met video\'s kijken over tekenen. Pen aangemaakt en dan tekenen. ',-1),('fbe02',326584,'2021-05-11','00:03:59','Bezig met dingen uitzoeken. Nu nog even de opdracht echt uitvoeren. Klinkt wel positief.',-1),('fbe02',326584,'2021-05-25','00:04:54','Sneeuwvlokken niet helemaal gelukt (zelf). Maar code staat er wel. \r\nCode voor memory wel bij. \r\nVoor TicTacToe wel een plan. \r\n',-1),('fbe02',326584,'2021-06-01','00:10:05','Form is klaar, met code voor de array...\r\nEven foutjes oplossen... :)\r\nBeginnetje staat. Nu speler bepalen.',-1),('fbe02',326584,'2021-06-08','00:07:06','Uitgelegd hoe de checkcombo functie moet werken.\r\nEvt. Hulp van Christian.',-1),('fbe02',327014,'2021-02-09','00:05:00','Code compleet. Alleen geen numMax om de lengte aan te geven.\r\nVariabele gebruik niet altijd duidelijk.\r\nZelfde patronen gaan automatisch goed.',-1),('fbe02',327014,'2021-03-02','00:05:00','Berkays code is bijzonder. Niet alles werkt tot zijn eigen verbazing.\r\nCode werkt wel grotendeelt. Stelt wel hele slimme vragen.\r\nCode wijzigen gaat ook goed.',-1),('fbe02',327014,'2021-03-09','00:05:00','Code van Berkay werkt. (loop niet tot en MET de length. :) )\r\naparte functie die dit regelt. \r\nWerkt in principe zoals verwacht. Helemaal blij mee.',-1),('fbe02',327014,'2021-03-13','00:05:00','Grappig dat Berkay het proces in een aparte functie heeft gebouwd. Geeft mij de kans om een extra punt te waarderen.',-1),('fbe02',327014,'2021-03-16','00:05:00','Berkay gaat de FontViewer doen. Gaat het officiele FontSelector window na bouwen.\r\nPlan is helder.',-1),('fbe02',327014,'2021-03-23','00:05:00','Wel begonnen aan de interface.\r\nOok al de eerste bug. :)\r\nNog niet helder hoe alles moet gaan werken.\r\nEven de video over listboxes kijken.',-1),('fbe02',327014,'2021-03-30','00:11:37','Fontviewer moet rekening gaan houden met FontStyles.\r\nGegevens uit de controls lezen.\r\nVideo\'s kijken over listbox uitlezen en numericUpDown uitlezen.\r\nVariabelen aanmaken gaat nog niet automatisch. :)',-1),('fbe02',327014,'2021-04-06','00:07:49','TextAlignment functioneert uiteindelijk.\r\nVerschil geleerd tussen typen en property namen.\r\nKleur en alignment werkt nu. :)\r\nEventueel layout. :) Klokje toevoegen. :)',-1),('fbe02',327014,'2021-04-20','00:06:01','Berkay gaat de teken video\'s kijken S2 (UID).\r\nEerst maar eens 1 sneeuwvlok tekenen.\r\nAmbitie om vijf opdrachten te maken.',-1),('fbe02',327014,'2021-05-11','00:13:22','Wel knap dat de code in 1 uur is omgeschreven naar een array.\r\nSamen code gefixt.',-1),('fbe02',327014,'2021-05-25','00:04:47','Buttons zijn gereed.\r\nUitzoeken hoe je op de button kruisje of nulletje zet.',-1),('fbe02',327014,'2021-06-01','00:13:14','Gelukt om het spel te laten weten wie er aan de beurt is.\r\nBerkay is onderweg.',-1),('fbe02',327014,'2021-06-08','00:08:02','Ik heb Rachel geholpen en andersom.!\r\nButton tekst met elkaar vergelijken is nog even een dingetje. :)\r\nRest netjes overgenomen van Rachel.',-1),('fbe02',327101,'2021-02-09','00:05:00','Geen extra functies, maar de code werkt wel helemaal.\r\nCode uitleggen niet heel makkelijk.',-1),('fbe02',327101,'2021-03-09','00:05:00','Wendy kiest tussen Forms of Console.\r\nNog niet echt begonnen. \r\nKijken hoever \"we\" vijdag zijn. (Samenwerken met Fiona.)',-1),('fbe02',327101,'2021-03-16','00:05:00','Project nu wel ingeleverd.\r\nWendy gaat de FontViewer maken. \r\nUitgelegd hoe Fonts worden ingesteld.',-1),('fbe02',327101,'2021-03-23','00:05:00','Wendy is OOK bezig met de Alarmklok.\r\nNog een timer toevoegen om de tijd te laten lopen.\r\nWendy gaat ook de FontViewer doen. :)\r\n',-1),('fbe02',327101,'2021-04-06','00:03:39','Nog een paar dingen aan het goed zetten. :)\r\nInterface is compleet. Nu nog wel even alarm laten tonen op het juiste moment.',-1),('fbe02',327101,'2021-04-20','00:04:24','Plan voor de sneeuwvlokken aan het maken.\r\nBlij met de cijfers tot nu toe.\r\nPlanning technisch iets voortvarender a.j.b. ;)',-1),('fbe02',327101,'2021-05-11','00:04:49','Nog niet veel aan gedaan in de vakantie.\r\nVideo\'s kijken over tekenen. En dan hard aan het werk.',-1),('fbe02',327101,'2021-05-25','00:03:11','Nog niet begonnen. Code voor memory is wel \"compleet\".\r\nAfgesproken om de code voor Memory om te schrijven naar TicTacToe.',-1),('fbe02',327101,'2021-06-01','00:04:48','Nog niet begonnen. Nogmaals beginnen met het maken van de negen knoppen.\r\nEventueel tutorial via YouTube.',-1),('fbe02',328455,'2021-02-09','00:05:00','Zelfde code als Melike :)\r\nVeel code werkt al.\r\nCode schrijven gaat automatisch goed.',-1),('fbe02',328455,'2021-03-02','00:05:00','Dimphy is bezig met Caeser.\r\nGaat nu bezig met de splits woorden apart opdracht.',-1),('fbe02',328455,'2021-03-09','00:05:00','Splits woorden apart functioneert. OOk commentaar.\r\nDus zo op het eerste gezicht een 7 waard. :)\r\n',-1),('fbe02',328455,'2021-03-13','00:05:00','Opgave werkt zoals het zou moeten, incl. commentaar.\r\nSamengewerkt met Melike. (Waarbij Dimphy de primaire uitlegger is.) Vandaag +0.5 :)',-1),('fbe02',328455,'2021-03-23','00:05:00','AlarmKlok werkt al. Inclusief muziekje!\r\nVerder met de FontViewer.',-1),('fbe02',328455,'2021-03-30','00:11:55','FontViewer ook al af.\r\nProgramma leest zelf de lijst van lettertypes in.\r\nForeach FontFamilies.Values kan ook zonder de folder te lezen.\r\nZelf een doolhof getekend a.h.v. YoutTube video.\r\n',-1),('fbe02',328455,'2021-04-06','00:01:45','Netjes layout toegevoegd. Ook commentaar bij de klok opdracht.\r\nFontViewer nog geen commentaar.',-1),('fbe02',328455,'2021-04-20','00:05:14','1 dwarrelend sneeuwvlokje.\r\nVideo gevolgd over stuiterend ballentje.\r\nNu nog even een array aanmaken.',-1),('fbe02',328455,'2021-05-11','00:07:09','Ja is wel gelukt. :)\r\nInderdaad duizend balletjes met ook een individuele grootte.\r\nAlleen nog even commentaar. :)',-1),('fbe02',328455,'2021-05-25','00:01:47','Vorige opdracht goed gelukt.\r\nNog niet bezig met TicTacToe eerst bezig met werken.',-1),('fbe02',328455,'2021-06-01','00:05:03','Nog niet begonnen. Bezig met operatie aan knie o.a.\r\nMisschien deze keer wat lager cijfer (zonder al te veel problemen.)',-1),('fbe02',328455,'2021-06-08','00:04:57','Deel van de code meegeschreven rest zelf uitgezocht.\r\nWerkt met arrays niet zoals de tutorial.',-1),('fbe02',328733,'2021-02-09','00:05:00','Code bijna helemaal compleet!\r\nOeps, nog shit printen. :)\r\nOneindig loop. Net als Melike.\r\nCode verder wel langzaam onder controle. :)\r\n',-1),('fbe02',328733,'2021-03-02','00:05:00','Al wel een plan, maar nog geen code.\r\nBeetje aan het freewheelen met elementen?\r\nWaar staat mijn tekst? In deze listbox? Neehee!!!',-1),('fbe02',328733,'2021-03-09','00:05:00','Emrulah heeft werkende code samen met Jordy.\r\nGaat proberen de \'niet een letter\' functie toe te voegen.\r\nCommentaar moet nog wel. :)',-1),('fbe02',328733,'2021-03-23','00:05:00','Rustig aan het werkt geen details te vertellen.',-1),('fbe02',328733,'2021-03-30','00:07:51','Eerst een plannetje bedacht. Layout uitwerken eerst.\r\nDaarna tijd opvragen.\r\nChecken of het alarm af moet gaan.\r\nPlan is helder, komt vandaag(?) helemaal goed!\r\nExtra uitbreiding. Maak \'m zo dat je er wakker van wordt!',-1),('fbe02',328733,'2021-04-06','00:06:58','Interface staat. Nog even nette layout.\r\nUitzoeken hoe je de tijd vergelijkt om het alarm te laten afgaan.\r\nTwee gelegenheden voor een goeie functie!',-1),('fbe02',328733,'2021-04-13','00:02:55','Emrullah gaat de tekenvideo\'s bekijken.\r\nOpgave goed lezen.\r\nVolgende week heb jij iets getekend.',-1),('fbe02',328733,'2021-04-20','00:05:10','Bezig met video\'s kijken. Planning blijft een uitdaging.\r\nIn de vakantie even een paar dagen aan besteden.\r\nStap 1: Iets tekenen...\r\n',-1),('fbe02',328733,'2021-05-11','00:02:31','1 sneeuwvlok getekend op een x en y.\r\nNog even een timer toevoegen en alles omschrijven naar een array.',-1),('fbe02',328733,'2021-05-25','00:03:38','Nog niet begonnen.\r\nStukje memory omschrijven.\r\nEn dan aanpassen naar TicTacToe.',-1),('fbe02',328733,'2021-06-01','00:06:24','Emrullah belooft dat hij vandaag er de hele dag aan gaat werken zodat het helemaal af is.\r\n14:00 eerst even kapper (en later 17:00 werken.) :)\r\n',-1),('fbe02',329604,'2021-02-09','00:05:00','Video\'s gevolgd nog niet palindromen.\r\nNog geen palindromen.\r\nIets meer code mag.',-1),('fbe02',329604,'2021-03-09','00:05:00','Dion is bezig gegaan met de splits de woorden opdracht.\r\nLoop met loop langs alle karakters staat al...\r\nUitleg van het plan maakt het duidelijk.(er)\r\nKlikt positief.',-1),('fbe02',329604,'2021-03-13','00:05:00','Code doet precies wat het moet doen. Goed commentaar ook. Yay! Engels. :)',-1),('fbe02',329604,'2021-03-16','00:05:00','Dion gaat de Alarmklok doen, maar nog niet begonnen.',-1),('fbe02',329604,'2021-03-23','00:05:00','Daan geholpen krijgt halve punt erbij. Probleem met FontStyle opgelost door checkboxen te gebruiken in plaats van een drop down.\r\n',-1),('fbe02',329604,'2021-03-30','00:02:40','Mooie interface met een kleur optie. :)\r\nCheckboxes voor de FontStyle.\r\nKomt helemaal goed.',-1),('fbe02',329604,'2021-04-06','00:02:29','Fontviewer is compleet. Mooie interface ook.\r\nNog wel layout toevoegen.',-1),('fbe02',329604,'2021-04-13','00:02:38','Video\'s zijn belangrijk om te kijken.\r\nVolgende week helemaal zelf \"iets\" tekenen.\r\n',-1),('fbe02',329604,'2021-04-20','00:08:00','Gelukt om dingen te tekenen? Achtergrond blokkeert de animatie?\r\n1 sneeuwvlok animeert met dwarrelen. Nu nog een array.!',-1),('fbe02',329604,'2021-05-11','00:01:31','Array gaat wel lukken, nog niet veel verder gegaan in de vakantie.\r\n',-1),('fbe02',329604,'2021-05-25','00:07:55','Tic Tac Toe werkt, maar zonder array.\r\nNu nog omschrijven naar een array oplossing. :)\r\n',-1),('fbe02',329604,'2021-06-01','00:20:49','Bezig gegaan met herschijven...\r\nMuntje is gevallen!',-1),('fbe02',329604,'2021-06-08','00:14:43','Best moeilijk om uit te werken.\r\nCode schrijven gaat niet automatisch, maar spel werkt wel met plaatjes :)',-1),('fbe02',329610,'2021-03-02','00:05:00','Bas gaat aan de reverse functies schrijven voor de palindromen opdracht.\r\nNiet onder de indruk van de assignments zo te horen.',-1),('fbe02',329610,'2021-03-09','00:05:00','Splits de woorden apart op deze computer. Code functioneert en is voorzien van commentaar.\r\nBas gaat variatie D uitvoeren. :)\r\n',-1),('fbe02',329610,'2021-03-13','00:05:00','Er staat commentaar in de code... Maar die slaat niet op de content.\r\nMaar goed. Code ziet er functioneel uit. :)',-1),('fbe02',329610,'2021-03-23','00:05:00','Alarmklok werkt al? Timer kan ingesteld worden. Start de timer. Gaat ook de Font Viewer maken.',-1),('fbe02',329610,'2021-03-30','00:11:53','Bezig met de FontViewer. \r\nLabel kan niet gebruikt worden om zijn eigen Font uit te lezen... Blijkbaar?\r\n',-1),('fbe02',329610,'2021-04-06','00:02:56','Functie toevoegen voor gehele font update.\r\nFont baseren op huidige Font van de textbox levert onverwachte resultaten op.',-1),('fbe02',329610,'2021-04-20','00:05:51','Was al bezeg met de VOLGENDE opdracht.\r\nTicTacToe werkt al. :) Alleen nog even de layout.\r\nIn de vakantie verder met sneeuwvlokken.\r\n',-1),('fbe02',329610,'2021-05-25','00:02:25','TicTacToe werkt inderdaad vanwege de tutorial. :)\r\nNu nog even omschrijven naar een array oplossing.',-1),('fbe02',329610,'2021-06-01','00:04:45','Bezig gegaan met array, maar nu switchen de buttons niet meer... ?\r\n',-1),('fbe02',329610,'2021-06-08','00:05:08','Nu nog de checkCombo functie uitwerken.\r\nRest werkt al. Ook de \"its a draw functie!\"',-1),('fbe02',329665,'2021-02-09','00:05:00','Al bezig met het plan voor de \"woorden\" opdracht. :)\r\nPalindroom had nog een paar foutjes.\r\nFlappy bird gevolgd via YouTube.\r\n',-1),('fbe02',329665,'2021-03-02','00:05:00','Basis applicatie werkt, nu nog de variaties.\r\nAron gaat verder met de variaties van Splits Woorden Apart.',-1),('fbe02',329665,'2021-03-09','00:05:00','Woorden apart functioneert en heeft commentaar.\r\nAron gaat verder met de Font Viewer.\r\nInterface duidelijk. Plannetje voor fonts inladen helder.\r\nMisschien als uitbreiding font files lezen uit de fonts folder. :)',-1),('fbe02',329665,'2021-03-13','00:05:00','Mooie applicatie, doet precies wat het moet doen.',-1),('fbe02',329665,'2021-03-23','00:05:00','FontViewer nog even niet. Eerst maar even de AlarmKlok.\r\nTimer om de huidige tijd bij te houden.\r\nAron heeft al een stappenplan.\r\n',-1),('fbe02',329665,'2021-03-30','00:03:26','Interface werkt. Nog even nadenken over een DateTime picker of twee losse numericUpDowns.\r\nMeerdere alarmen voor later.',-1),('fbe02',329665,'2021-04-06','00:02:05','Alarmklok functioneert, nu nog even de FontViewer.\r\nCommentaar.',-1),('fbe02',329665,'2021-04-20','00:01:25','Bezig met tekenen en arceren.\r\nKijken wat de opdracht nou precies inhoud.\r\nKomt wel goed.',-1),('fbe02',329665,'2021-05-11','00:02:39','Rest staat op de andere computer...\r\nSneeuwvlok staat. nog even een array van maken.',-1),('fbe02',329665,'2021-05-25','00:02:36','Memory nog niet compleet.\r\nScreenshots kunnen als basis dienen.\r\nUitzoeken wie heeft gewonnen is het moeilijke stukje.',-1),('fbe02',329665,'2021-06-01','00:01:30','Arrays zijn gefixt. \r\nSwitchPlayer functie mee bezig.\r\n',-1),('fbe02',329665,'2021-06-08','00:02:04','TicTacToe werkt. Ook detecteren van de winnaar.\r\nOp twee verschillende manieren oplost. (Op de andere computer\r\ndoe ik het anders. :) )\r\n',-1),('fbe02',329716,'2021-03-02','00:05:00','Palindromen al af, woorden apart functie ook. :)\r\nIk weet niet de oplossing, maar wel de richting.\r\n',-1),('fbe02',329716,'2021-03-09','00:05:00','Splits woorden apart functioneert.\r\nBram gaat de alarmklok maken. :)\r\n',-1),('fbe02',329716,'2021-03-23','00:05:00','AlarmKlok werkt al nog even lettertype instellen. (incl. 6 alarmen en een geluidje1)\r\nOok de FontViewer voor de ijschallenge.',-1),('fbe02',329716,'2021-03-30','00:03:32','FontViewer layout eerst.\r\nStap voor stap dingen laten werken.\r\nFontStyle als laatste.',-1),('fbe02',329716,'2021-04-06','00:04:32','FontViewer werkt met font en size. FontStyle nog niet...\r\nAlarmklok layout netjes maken.',-1),('fbe02',329716,'2021-04-20','00:01:49','Video\'s aan het kijken over tekenen.\r\nEventueel 1000 balletjes die stuiteren ipv. een sneeuwstorm.',-1),('fbe02',329716,'2021-05-11','00:01:24','Laptop stuk gegaan.\r\nVrijdag inleveren wordt geen probleem.\r\nHad al wel heel veel. ',-1),('fbe02',329716,'2021-05-25','00:04:51','Laptop nog steeds in reparatie.\r\nWas aan het nadenken over de AI optie. :)\r\n',-1),('fbe02',329716,'2021-06-01','00:02:30','Kan wel een programmeren ondanks geen laptop.\r\nTTT werkt. Aan het nadenken over a.i.\r\n',-1),('fbe02',329716,'2021-06-08','00:04:33','Zelfs de A.I. werkt! Heel cool!\r\nWas wel stressvol. Random iets kiezen wat nog niet gekozen is...\r\nDuizend keer een willekeurige locatie!',-1),('fbe02',329944,'2021-02-09','00:05:00','Nog geen code want lessen gemist.\r\nAfgesproken om de video\'s te volgen.\r\nVolgende week werkende reverse functie.',-1),('fbe02',329944,'2021-03-02','00:05:00','Daniel heeft de reverse functie gemaakt in een console applicatie.\r\nDaniel gaat aan het werk met de splits woorden apart opdracht.',-1),('fbe02',329944,'2021-03-09','00:05:00','Daniel snapt hoe de officiele Split functie werkt, ook zijn for each functioneert. Daniel gaat nu zijn eigen splits functie schrijven aan de hand van het plan.\r\n',-1),('fbe02',329944,'2021-03-16','00:05:00','Daniel heeft een nog niet werkende functie staan. Gaat daar mee aan het werk. Kijken hoever we komen.',-1),('fbe02',329944,'2021-03-23','00:05:00','Daniel heeft een gedeeltelijk werkende Splitter ingevuld.\r\nDaniel is al begonnen aan de alarmklok. Tijd loopt door\r\ncurrent time in te vullen in een datetime picker.',-1),('fbe02',329944,'2021-03-30','00:13:00','Daniel laat de huidige tijd zien in een datetime picker.\r\nAlarm is dan een tweede picker.\r\nUitgelegd hoe tijd moet worden vergeleken.\r\nZelf de if schrijven om een alarm te tonen.',-1),('fbe02',329944,'2021-04-13','00:02:51','Daniel gaat SBK doen. Kijken wat wel leuk is.\r\nProgrammeren wordt \'m waarschijnlijk niet.',-1),('fbe02',329944,'2021-04-20','00:02:54','Fijn Daniel er nog bij is...\r\nOnline les heeft niet geholpen. En de opdrachten niet leuk om te doen.',-1),('fbe02',330266,'2021-02-09','00:05:00','Vanmorgen begonnen met typen. :)\r\nCode werkt verder perfect. Nog even integreren.\r\n',-1),('fbe02',330266,'2021-03-02','00:05:00','Meegetypt met de huis opdracht.\r\nGoktug gaat de splits woorden apart opdracht verder.',-1),('fbe02',330266,'2021-03-09','00:05:00','Begin van de interface staat klaar.\r\nPlannetje samen uitgelegd. Is duidelijk.\r\nUitwerken van het plannetje is stap 2.',-1),('fbe02',330266,'2021-03-16','00:05:00','Deel van de code werkt. Paar rare stappen zo hier en daar.\r\nGoktug gaat Mathijs, Yorrith en Orkhan helpen.',-1),('fbe02',330266,'2021-03-23','00:05:00','Goktug heeft werkende code met een bug er in, maar het werkt.\r\nGoktug gaat ook de FontViewer maken.\r\n\"Komt wel goed!\"',-1),('fbe02',330266,'2021-03-30','00:02:49','Nog een interface maken,\r\nGoktug weet de backend dingen, Orkhan de front end. :)\r\nPlan over hoe de interface moet gaan werken.',-1),('fbe02',330266,'2021-04-06','00:08:08','FontViewer verder gekomen samen met hulp van Orkhan!\r\nSamen even de grootte ingesteld.\r\n',-1),('fbe02',330266,'2021-04-13','00:02:39','Opgave is duidelijk. Goktug gaat de teken videos kijken.\r\nMeedoen met de video\'s zou een applicatie moeten opleveren.',-1),('fbe02',330266,'2021-04-20','00:01:33','Nog niet zover gekomen. In de vakantie aan het werk. :)\r\n',-1),('fbe02',330266,'2021-05-11','00:21:07','Code werkt wel, maar wel eerst netjes het project opbouwen.\r\nCode gerepareerd naar 1 sneeuwvlok.',-1),('fbe02',330266,'2021-05-25','00:02:57','Vorige opdracht ging goed.\r\nNog niet begonnen met tictactoe. Dacht dat memory de opdracht was.\r\nBeginnetje van memory overnemen en dan kiezen wie aan de beurt is.',-1),('fbe02',330266,'2021-06-01','00:11:49','Wel een interface maar nog geen code.\r\nEven alle buttons in een array gezet en de click uitgewerkt.\r\nWie is de huidige speler?',-1),('fbe02',330266,'2021-06-08','00:04:52','Nu uit gaan zoeken of er iemand gewonnen heeft.\r\nVerwezen naar Thijs.',-1),('fbe02',330271,'2021-02-09','00:05:00','AL bezig met de andere opgave.\r\nPalindroom functies werken allemaal.\r\nKlein bugje in een oneindige loop. :)',-1),('fbe02',330271,'2021-03-02','00:05:00','Splits de woorden in een zin apart werkt nu. :)\r\nCode fixen ook geen probleem. \r\nGaat variaties toevoegen.',-1),('fbe02',330271,'2021-03-09','00:05:00','Thijs is bezig met een database integratie voor uren.\r\nHij doet dat met C# en de MySQL.Data library\r\nAfsproken dat als dat werkt, hij daarvoor een hoog cijfer krijgt als \"Extra Project\".',-1),('fbe02',330271,'2021-03-23','00:05:00','Database applicatie werkt. Kan gebruikt worden voor urenregistratie.\r\nBeetje ongecontroleerd, maar het werkt al wel.!\r\nDe FontViewer werkt ook al.',-1),('fbe02',330271,'2021-03-30','00:06:17','Alarmklok gemaakt en werkt ook met een alarm. :)\r\nNu begonnen aan TicTacToe... Nog wel een array van 9 buttons toevoegen. (Da\'s makkelijker. :) )',-1),('fbe02',330271,'2021-04-06','00:01:57','Alleen alles nog even inleveren.\r\nArrays voor tictactoe nog even niet.\r\n',-1),('fbe02',330271,'2021-04-20','00:03:51','Thijs gaat de video\'s kijken en mee programmeren.\r\nKijken hoe ver dat helpt met tekenen van een sneeuw thingy...',-1),('fbe02',330271,'2021-05-11','00:04:33','Thijs heeft stuiterende balletjes(!) S!\r\nAlleen nog even commentaar toevoegen.',-1),('fbe02',330271,'2021-05-25','00:01:39','Interface werkt.\r\nInteger +1 modulo 2 bepaalt welke speler aan de beurt is.\r\nDaarna zoeken of er iemand gewonnen heeft.',-1),('fbe02',330271,'2021-06-01','00:03:33','On Load en Design niet allebij, anders gaat het event altijd twee keer af. :)\r\n',-1),('fbe02',330271,'2021-06-08','00:08:17','Bezig met combinaties controleren.\r\nDeel vande code werkt al... :)\r\n',-1),('fbe02',330433,'2021-02-09','00:05:00','Standaard code, niet te veel functies. Maar het werkt wel. :)\r\nBestaande code is handig! ;)\r\nKan bestaande code goed lezen.',-1),('fbe02',330433,'2021-03-02','00:05:00','Woorden apart opdracht werkt in de basis.\r\nFuncties gebruikt, en ook commentaar.',-1),('fbe02',330433,'2021-03-09','00:05:00','Code werkt inclusief commentaar.\r\nOok de variatie met toon alleen woorden met \'a\'.\r\n\r\nThijmen gaat de alarmklok maken.',-1),('fbe02',330433,'2021-03-13','00:05:00','Code overcompleet. Telt ook het aantal woorden.\r\nVerschillende oplossingen uitgewerkt! Helemaal mooi.',-1),('fbe02',330433,'2021-03-16','00:05:00','Bezig met de Alarmklok werkt al bijna.\r\nNu nog even gebruiker het lettertype laten instellen.\r\n',-1),('fbe02',330433,'2021-03-23','00:05:00','Ook niet zoveel te vertellen.',-1),('fbe02',330433,'2021-03-30','00:12:29','Thijmen heeft een functie geschreven om hoge getallen uit een array te splitsen. :) Helemaal okee!\r\n\r\nBeide projecten werken al. Thijmen gaat de variaties van de fontviewer uitwerken, reageren op control changes. \r\n\r\nIn project beoordeling ook correcte layout waarderen!',-1),('fbe02',330433,'2021-04-06','00:06:48','Bezig met het maken van een mooie layout.\r\nRest van de code werkt allemaal al wel.\r\nNog de waarde gaan inzien van functies. \r\nFunctie schrijven geen enkel probleem.',-1),('fbe02',330433,'2021-04-20','00:01:32','Een sneeuwvlok is gelukt. Nu nog laten werken met een array!\r\nMisschien eerst een array met maar 10 elementen... \r\nBezig met experimenteren.',-1),('fbe02',330433,'2021-05-11','00:08:33','Tijdje over nagedacht en toen werkte het opeens in een half uurtje...\r\nTweede keer de code gemaakt, dan wordt het beter.\r\nTicTacToe wordt wel een leuke om op te lossen...',-1),('fbe02',330433,'2021-05-25','00:10:33','Memory code staat al. Tic Tac Toe ook al. :)\r\nEen grote if then else, nu nog omschrijven naar array.',-1),('fbe02',330433,'2021-06-01','00:09:23','Nieuwe functie schrijven voor het checken van button via nummertjes...\r\n',-1),('fbe02',330433,'2021-06-08','00:05:49','Thijmen was erg veel later... Verkeerde tijdzone... :P\r\nCode werkt wel helemaal. Cool!',-1),('fbe02',330440,'2021-03-02','00:05:00','Op zoek naar code? :)\r\nYorrith gaat de eerste drie video\'s van semester 2 kijken en typt zijn eigen reverse functie.',-1),('fbe02',330440,'2021-03-09','00:05:00','Yorrith gaat samen met Mathijs video\'s kijken.\r\nSamen kijken of ze de opdracht voor elkaar kunnen krijgen.\r\nDeze keer niet de niet werkende code verwijderen a.j.b.',-1),('fbe02',330440,'2021-03-16','00:05:00','Reverse functie bijna voor elkaar! Yay!\r\nYorrith gaat (samen met Mathijs) beginnen aan de splits woorden functie. Kijken hoever we komen volgende week.\r\n',-1),('fbe02',330440,'2021-03-23','00:05:00','OOk yorriths code werkt bijna.\r\nNog drie wijzigingen nodig. \r\nSamen met Mathijs oplossen en inleveren, levert nog steeds een 6 op. :)',-1),('fbe02',330440,'2021-03-30','00:19:23','Wel dingen toegevoegd, maar het ging MINDER werken. :)\r\nSamen woorden splitsen afgemaakt.\r\nAlleen laatste woord van de zin moet nog.',-1),('fbe02',330440,'2021-04-06','00:04:50','Denkt aan een andere opleiding. Wat gaan we nou precies doen?\r\nNog even verder programmeren aan de woorden splitser.\r\nAndere opdracht ook inleveren...',-1),('fbe02',330440,'2021-04-20','00:07:12','Over een paar weken BKO van start.\r\nEven kijken wat we zinvol kunnen doen.\r\nAfgesproken om de UID video\'s te volgen.',-1),('fbe02',330440,'2021-05-11','00:04:33','BKO traject komt nog. Geen video\'s bekeken.\r\n\"Zo min mogelijk met school bezig geweest.\"\r\nKijken of hij nog wat kiest te doen voor programmeren...',-1),('fbe02',330440,'2021-05-25','00:02:56','Bezig met BKO. Testen doen om te kijken waar je goed in bent. Online.\r\n',-1),('fbe02',330588,'2021-02-09','00:05:00','Al code voor de palindromen opdracht.\r\nCode werkt niet altijd correct.\r\nWel helemaal bij met de palindromen code.',-1),('fbe02',330588,'2021-03-09','00:05:00','Vanmorgen begonnen aan de opdracht. :)\r\nInterface staat al.\r\nLijkt alsof plannetje duidelijk is.\r\nKerstboom van Tom is uiteindelijk.\r\n',-1),('fbe02',330588,'2021-03-16','00:05:00','Thijmen is erg onzeker of hij KAN programmeren, gaat praten met zijn SLB\'er en samenwerken met Liam en Daniel.',-1),('fbe02',330588,'2021-03-23','00:05:00','Thijmen gaat de FontViewer maken. Video over listboxen is belangrijk. Komt allemaal goed!',-1),('fbe02',330588,'2021-03-30','00:04:00','Eerst even geconcentreerd op SQL. \r\nEerst even de interface, \r\nDan font en grootte\r\nlater ook stijl (bold, italic en regular)',-1),('fbe02',330588,'2021-04-06','00:02:54','Nog niet veel verder ivm. vrije dagen.\r\nPlan is helder. Interface duidelijk. Alleen even maken.\r\nSamen met Liam en Iwan \"extreme programming\".',-1),('fbe02',330588,'2021-04-13','00:02:02','Ga de video\'s kijken. Volgende week iets kunnen tekenen.',-1),('fbe02',330588,'2021-04-20','00:00:06','Als ik eerlijk ben ben ik nog niet echt met de opdracht begonnen.... heb eigenlijk meer mijn aandacht besteed aan de filmpjes over het tekenen in visual studio.',-1),('fbe02',330588,'2021-05-11','00:05:09','Video\'s gekeken over tekenen. Nu video\'s mee programmeren.\r\nStreven naar een uitwerking voor vrijdag.',-1),('fbe02',330588,'2021-05-25','00:03:55','Computer opnieuw geinstalleerd. Dus nog even geen memorycode.\r\nEigen code aanpassen met de tutorial er naast.',-1),('fbe02',330588,'2021-06-01','00:03:17','Tutorial nog niet gekeken. Wel de code uit de les overgeschreven.\r\nTutorial is nog steeds waardevol, omdat je de voorbeeldcode dan moet omschrijven van button1 naar buttons[0] bijvoorbeeld...\r\n',-1),('fbe02',330588,'2021-06-08','00:01:54','Vorige week hard bezig met SQL. \r\nNu hard aan het werk met de tutorial.\r\nKijken wat er bij kan. Vrijdag versie 1.',-1),('fbe02',330825,'2021-02-09','00:05:00','Welk project is je palindroom project? :)\r\nMist erg veel code. :(\r\n',-1),('fbe02',330825,'2021-03-02','00:05:00','Daan gaat bezig met de splits woorden apart opdracht.\r\n',-1),('fbe02',330825,'2021-03-09','00:05:00','Daan heeft de interface staan. Plan is uitgewerkt en opgeschreven.\r\nNu nog \"even\" programmeren.\r\nDaan gaat plannetje uitwerken. Morgen (wo.) overleg over waar het vast loopt.',-1),('fbe02',330825,'2021-03-16','00:05:00','Daan heeft prioriteit gegeven aan SQL. Gaat nu snel programmeren.\r\nMorgen (woensdag) even contact. Minimaal een chatje met het lukt! Of ik loop HIER vast: (screenshot)',-1),('fbe02',330825,'2021-03-23','00:05:00','Dion heeft geholpen. SQL is nog wel een dingetje, maar dat komt vast goed. JavaScript is soms verwarrend, maar wel fijn om dingen nog eens te horen.',-1),('fbe02',330825,'2021-03-30','00:04:15','Begonnen aan de FontViewer. Layout staat.\r\nNu verder met Dion (evt. Berkay)\r\nDe video\'s leggen uit hoe je waardes uit een combobox of numericUpDown haalt.',-1),('fbe02',330825,'2021-04-06','00:05:00','Samen met Dion verder.\r\n\"Het komt wel goed meneer!\"\r\nNog even werken aan een gebalanceerde planning. (Niet alles op het laatst.)\r\n',-1),('fbe02',330825,'2021-04-13','00:00:15','Daan belooft de opdracht te lezen en stuurt een mailtje met zijn plan.',-1),('fbe02',330825,'2021-04-20','00:06:54','Even geen laptop voor handen...\r\nDaan gaat de video\'s kijken en mee programmeren.',-1),('fbe02',330825,'2021-05-11','00:06:34','In de vakantie HELEMAAL vergeten.\r\nVideo\'s kijken om mee te gaan programmeren... :)\r\nWel dingen met Python gedaan.',-1),('fbe02',330825,'2021-05-25','00:09:46','Bijna al klaar. Laat alleen nog geen kruisjes en nulletjes zien.\r\nCode werkt nu met een grote ifthen else (Heel cool!)\r\nNu nog omschrijven naar een array.',-1),('fbe02',330825,'2021-06-08','00:14:30','Laptop bevat code, desktop niet.\r\nEven onduidelijk welke code nu al wel (of nog niet) werkt.\r\nZelf bezig met een javascript project.\r\nDeel van de tutorial code werkt. drie op een rij nog niet\r\nLaten zien hoe de combination function MOET gaan werken.\r\n(Eerst even de tutorial verder volgen.)',-1),('fbe02',330919,'2021-03-02','00:05:00','Meegetypt met de les helemaal goed.\r\nIk kan het nog niet zelf bedenken.\r\nVerder met de volgende assignment.',-1),('fbe02',330919,'2021-03-09','00:05:00','Nog niet begonnen aan de opdracht.Maar plan is duidelijk. Begin van commentaar. Waarschijnlijk vrijdag wel een versie.',-1),('fbe02',330919,'2021-03-13','00:05:00','Code doet wat het moet doen. Duidelijk commentaar. Goed genoeg!',-1),('fbe02',330919,'2021-03-16','00:05:00','Rachel gaat de Alarmklok maken. Beetje aan begonnen. Eerst maar even de interface.',-1),('fbe02',330919,'2021-03-23','00:05:00','Interface werkt, tijd loopt. \r\nNu nog een alarm instellen.\r\nMisschien geluidje en knipperende letters.',-1),('fbe02',330919,'2021-03-30','00:01:53','Belangrijk verschil tussen de forms timer en de system timer.\r\nNiet door de war halen...\r\n\r\nAlles even herstellen in het timer_Tick event.\r\n\r\nPlan is duidelijk!',-1),('fbe02',330919,'2021-04-06','00:09:55','Code is gefixt, maar timer gaat nu continu af?\r\nNog wel een flag voor het feit dat het alarm is afgegaan.',-1),('fbe02',330919,'2021-04-13','00:00:04','Opdracht is duidelijk. Video\'s kijken en rustig een start maken met 1 sneeuwvlok.',-1),('fbe02',330919,'2021-04-20','00:02:37','1 Sneeuwvlok is gelukt.\r\nNu de animatie nog, timer toevoegen en de y positie van de sneeuwvlok steeds aanpassen.',-1),('fbe02',330919,'2021-05-11','00:02:54','Tekenen begint te werken. Doet het nog niet precies wat het doel is, maar persoonlijk doel is om alles aan te sturen met 1 array. 1 plek om aantal dingen aan te geven...',-1),('fbe02',330919,'2021-05-18','00:00:39','Deze versie maakt nog geen gebruik van arrays. 5.0\r\nAan het eind van het jaar (als herkansing) nog eens proberen.',-1),('fbe02',330919,'2021-05-25','00:03:51','Eerste versie met 1 grote if-then-else.\r\nNu nog omschrijven naar gebruik maken van de array.',-1),('fbe02',330919,'2021-06-01','00:17:36','Samen code herschreven naar 1 enkele check functie die de array uitleest.',-1),('fbe02',330919,'2021-06-08','00:02:49','Best veel code staat al. \r\nNog even dingen aan elkaar bouwen.\r\nSpeler wisselen o.a. moet nog.',-1),('fbe02',330988,'2021-03-02','00:05:00','Palindromen werkt met alles er op en er aan.\r\nWoorden apart werkt in de basis met commentaar en nog geen functies.',-1),('fbe02',330988,'2021-03-09','00:05:00','Code voor splits de tekst staat. \r\nKlein bugje samen opgelost.\r\nCode werkt alleen nog commentaar.',-1),('fbe02',330988,'2021-03-13','00:05:00','Code is overcompleet. Redelijk duidelijk geschreven. Soms stukken code die niet nodig lijken. Maar dat komt vast goed. :)',-1),('fbe02',330988,'2021-03-16','00:05:00','Jordy maakt de Alarmklok.\r\nNog niet begonnen, maar wel de interface gemaakt.\r\nDeze keer niet ALLE variaties proberen te maken.',-1),('fbe02',330988,'2021-03-23','00:05:00','Alarmklok werkt al. Nog wel even een alarm kunnen instellen.\r\nJordy gaat ook de Font Viewer maken. :)\r\nJordy kan ook PhotoShop. ',-1),('fbe02',330988,'2021-03-30','00:12:32','Alarm instellen werkt al. Nu bezig met dag/nacht modus. :)\r\nTijd instellen met ComboBoxen. :)\r\nTijd vergelijking met string. \r\nGoed is goed genoeg!',-1),('fbe02',330988,'2021-04-06','00:05:40','Twee regels code naar Emrullah. :)\r\nDag/nacht modus werkt ook.\r\nLayout werkt ook al. :)\r\nMooiere interface met animaties en zo.',-1),('fbe02',330988,'2021-04-13','00:02:11','Coordinaten zijn duidelijk. Ook het animatie gedeelte komt wel.\r\nEerst maar even 1 sneeuwvlok.',-1),('fbe02',330988,'2021-04-20','00:03:18','Nog niet begonnen aan de opdracht.\r\nVideo\'s kijken over animaties. \r\nZelf bedacht dat voor x en y een array nodig is! :)\r\n',-1),('fbe02',330988,'2021-05-25','00:01:53','Nog niet begonnen aan tictactoe.\r\nArrays komen wel goed.',-1),('fbe02',330988,'2021-06-08','00:07:49','For loop voor negen buttons.\r\nButtons reageren allemaal op klik.\r\nSpeler opslaan en wisselen moet nog. (X of O)\r\nCombinaties checken via array moet nog.\r\nEn dan alle combo\'s checken.\r\n@TODO: FontViewer OOK checken!',-1),('fbe02',331042,'2021-02-09','00:05:00','Filmpjes waren begrijpelijk. Lessen gaat soms te snel. Zeker met 1 beeldscherm.\r\nIets meer werk zelf doen.\r\nSnapt code wel, kan instructies volgen.',-1),('fbe02',331042,'2021-03-09','00:05:00','Zin bevat tekst met spaties, die moet je detecteren.\r\nDan moet je een break hebben.\r\nNog niet begonnen.\r\nPlan lijkt duidelijk. Vrijdag proberen.',-1),('fbe02',331042,'2021-03-13','00:05:00','Netjes gedaan. Werk zoals verwacht!',-1),('fbe02',331042,'2021-03-16','00:05:00','Project 1 werkt. Forms applicatie voor beide applicaties.\r\nSid maakt de Alarmklok met als streven om ook het Font te kunnen instellen.',-1),('fbe02',331042,'2021-03-23','00:05:00','TextBox, maar Chris en Thijmen gebruiken.\r\nTimer uitgelegd, tijd loopt nu!',-1),('fbe02',331042,'2021-03-30','00:09:47','Uren, minuten en seconden apart.\r\nTimePicker voor de gebruiker om een tijd in te stellen.\r\nAlarm gaat nog niet af.',-1),('fbe02',331042,'2021-04-06','00:01:18','Sid bezig met de video\'s om de interface in een table layout te zetten.\r\nButtons netjes een naam geven en nog een Timer.\r\n',-1),('fbe02',331042,'2021-04-13','00:10:24','Zelf code typen en uitzoeken wat er moet gebeuren.\r\nAls je een vraag stelt ben je niet dom. Dan wordt je juist slimmer.\r\n',-1),('fbe02',331042,'2021-04-20','00:04:31','Nog niet begonnen. De videos over tekenen moet je volgen.\r\nEerst maar eens even 1 sneeuwvlok tekenen. Berkay is ook op dat punt.',-1),('fbe02',331042,'2021-05-11','00:04:03','W3School excersises over arrays gemaakt.\r\n\"Arrays die snap ik nu wel.\"',-1),('fbe02',331042,'2021-05-18','00:00:26','Gesprek gehad over niet te veel meeliften met klasgenoten.\r\nCode is bijna gelijk aan dat van Chris bijvoorbeeld.',-1),('fbe02',331042,'2021-05-25','00:05:48','Nog niet begonnen. Code voor Memory nog even overtypen uit de chat. \r\n\"Interface maken moet niet zo moeilijk zijn.\"',-1),('fbe02',331042,'2021-06-08','00:06:38','Tutorial gevolgd en code begint te werken.\r\nOm de beurt andere speler, en sommige combinaties worden gecheckt.\r\n',-1),('fbe02',332052,'2021-02-09','00:05:00','Bij met de code.\r\nCode werkt grotendeels.\r\nCode doet soms andere dingen. :)',-1),('fbe02',332052,'2021-03-02','00:05:00','Nog niet verder gegaan in de vakantie.\r\nMelike gaat verder met de woorden apart opdracht.',-1),('fbe02',332052,'2021-03-09','00:05:00','Code miste een paar stukjes.\r\nWel commentaar.\r\nZit nog een leuke bug in. :)',-1),('fbe02',332052,'2021-03-13','00:05:00','Werkende code, incl. commentaar.\r\nSamengewerkt met Dimphy komt zij er wel uit.\r\nNog een beetje slordig met de naamgeving, maar dat komt vast goed.',-1),('fbe02',332052,'2021-03-23','00:05:00','Al bezig met de FontViewer.\r\nGrootte aanpassen werkt al.\r\nEven uitzoeken welk lettertype gekozen is. (video)\r\n',-1),('fbe02',332052,'2021-03-30','00:15:01','Lettertype aanpassen werkt nog niet. :)\r\nSelectedItem in plaats van SelectedItems.\r\nFont Family NAMEN toevoegen aan de lijst. :) voor 2 punten.\r\n',-1),('fbe02',332052,'2021-04-06','00:13:40','Niet veel verder gegaan. Maar de basis staat gewoon klaar.\r\nMeeste dingen werken allemaal.\r\n\r\nSoms code die helemaal niet doet wat je denk.\r\nFont inladen werkt. :)',-1),('fbe02',332052,'2021-04-20','00:03:26','Bezig met de video\'s en mee programmeren.\r\n',-1),('fbe02',332052,'2021-05-11','00:04:33','Video gevolgd en tot een werkend resultaat gekomen.\r\nStuiterend balletje omschrijven naar een array.\r\n',-1),('fbe02',332052,'2021-05-25','00:07:25','Hoog cijfer vorige opdracht.\r\nBeginnetje staat, nu nog \"even\" uitzoeken wie er aan de beurt is.\r\nVoorbeeld goed gevolgd. Array check lijkt begrijpbaar. \r\n',-1),('fbe02',332052,'2021-06-01','00:04:46','Niet zo ver gekomen.\r\ncheck_combination functie uitgelegd.\r\n',-1),('fbe02',332052,'2021-06-08','00:20:28','Code werkt inclusief arrays. Helemaal cool!\r\nNog even commentaar toevoegen.',-1),('fbe02',332688,'2021-02-09','00:05:00','Brandon gaat de video\'s kijken. Om bij te blijven.\r\nOok zelf programmeren in Visual Studio.\r\n',-1),('fbe02',332688,'2021-03-09','00:05:00','De video\'s zijn te volgen. Niet noodzakelijk reden om te beginnen met code. :)\r\n',-1),('fbe02',332688,'2021-03-23','00:05:00','Brandon gaat bezig met de FontViewer.\r\nEerst maar eens de interface maken.',-1),('fbe02',332720,'2021-02-09','00:05:00','Let goed op in de lessen.\r\nScreenshots van alle code.\r\nReverse gedeelte werkt gewoon. Best goed.\r\nMag iets verder...',-1),('fbe02',332720,'2021-03-09','00:05:00','Orkhan snapt het plannetje.\r\nGaat de reverse functie gebruiken in een forms app om de splits woorden opdracht te doen.',-1),('fbe02',332720,'2021-03-16','00:05:00','Orkhan heeft een functie voor het berekenen van een gemiddelde.\r\nGaat samen met Mathijs en Yorrith de splits opdracht doen.',-1),('fbe02',332720,'2021-03-23','00:05:00','Orkhan heeft wel een applicatie ingeleverd, maar daar mist een stukje. Dus geen volle punten.\r\nOrkhan gaat de FontViewer maken.',-1),('fbe02',332720,'2021-03-30','00:02:33','Uitgelegd, hoe je een waarde uit je lijst haalt.\r\nOrkhan gaat de video kijken om uit een numeric up down de grootte te halen.\r\n',-1),('fbe02',332720,'2021-04-06','00:07:06','Samen een float gelezen uit een numeric up down.\r\nUitgelegd hoe je een array moet gebruiken met FontStyle er in.',-1),('fbe02',332720,'2021-04-13','00:03:24','Video over coordinaten is niet om na te maken.\r\nZelf doen begint vanaf video 01.',-1),('fbe02',332720,'2021-05-11','00:02:52','Orkhan heeft 1 stuiterend balletje op het scherm. En dat werkt.\r\nCool dat de video\'s werken. Nu aanpassen naar MEERDERE balletjes.',-1),('fbe02',332720,'2021-05-25','00:03:01','Vorige opdracht gelukt.\r\n\"Aan het spelen met TicTacToe.\"\r\nPlannetje duidelijk.',-1),('fbe02',332720,'2021-06-01','00:01:21','Begin staat al. Orkhan toont plaatjes.\r\nNog even checken wie de huidige speler is\r\nen de check voor wie er gewonnen heeft.',-1),('fbe02',332720,'2021-06-08','00:05:57','Code werkt compleet. Lijkt op dat van anderen. Misschien beetje teveel geholpen.\r\n',-1),('fbe02',332895,'2021-02-09','00:05:00','Geen extra variabelen nodig.\r\nCode functioneert. :) \r\nGeen extra functies. Samen met Thijmen.\r\n',-1),('fbe02',332895,'2021-03-02','00:05:00','Woorden apart opdracht nog niet begonnen. \r\nFix Mandelbrot leuke uitdaging!\r\nPrecies op de wip tussen wel en niet programmeren. :)\r\n',-1),('fbe02',332895,'2021-03-09','00:05:00','Code van Chris werkt inclusief commentaar.\r\nGaat variatie D. uitwerken (andere spatie karakters.)\r\nIn principe Alarmklok als volgende opgave, maar Chris\r\nwil ze allebei doen. :)',-1),('fbe02',332895,'2021-03-16','00:05:00','Chris heeft zijn project ingeleverd. (Even nakijken.)\r\nChris heeft de Alarmklok al bijna af. Variatie D. werkt al.',-1),('fbe02',332895,'2021-03-23','00:05:00','Alarmklok werkt op 1 klein dingetje na.\r\nFontViewer staat in de stijgers.',-1),('fbe02',332895,'2021-03-30','00:14:43','Interface werkt. Layout nog uitwerken met een tablelayout.\r\nFont wordt correct getoond.\r\nAlarmklok werkt ook. Nog wel functies toevoegen.\r\nEn alarmen instellen moet nog.',-1),('fbe02',332895,'2021-04-06','00:02:07','Nog even de interface mooi maken. Toont ook de datum (variant D).\r\n',-1),('fbe02',332895,'2021-04-20','00:03:31','1 sneeuwvlok werkt en valt naar beneden.\r\ntimer manipuleer 1 x en y variabele.\r\nDat moet een array worden!. :)',-1),('fbe02',332895,'2021-05-11','00:05:19','Chris gaat zijn code omschrijven naar arrays.',-1),('fbe02',332895,'2021-06-01','00:08:07','Grote functie met allemaal ifs. \r\nOmschrijven naar een enkele check drie buttons functies.\r\n(Die roep je dan 8 keer aan...)',-1),('fbe02',332895,'2021-06-08','00:01:29','Veel code staat. \r\nNiet altijd de meest handige/efficiente oplossing.\r\n(Maar vaak wel een werkende oplossing.)\r\nVooral bezig met bug fixen.',-1),('fbe02',333059,'2021-02-09','00:05:00','Al bezig de volgende opgave.\r\n\"Ik heb de opgave niet gesnapt, code werkt wel.\" :)\r\nMarin kan wel code schrijven. gaat altijd goed.',-1),('fbe02',333059,'2021-03-02','00:05:00','Verschillende versies van de splits woorden app.\r\nGeen commentaar, wel leuke ideeen.',-1),('fbe02',333059,'2021-03-09','00:05:00','Code werkt, nou nog commentaar.\r\nMarin heeft een aantal variaties gebouwd van deze opdracht.\r\n',-1),('fbe02',333059,'2021-03-23','00:05:00','FontViewer werkt al. :)\r\nAlarmKlok bijna ook al, met geluid!\r\nWel nog even commentaar toevoegen!',-1),('fbe02',333059,'2021-03-30','00:08:24','Bezig met animaties en sturen van een blok over het scherm.\r\nDurven spelen met getalletjes om de limieten van het spel te berekenen...\r\nAl aan het kijken naar TicTacToe!',-1),('fbe02',333059,'2021-04-06','00:05:55','Bezig met andere projecten. (Intersection is lastig.)\r\nUitgelegd hoe je dat moet uitrekenen.\r\nTwee functies om rectangle intersection uit te zoeken.',-1),('fbe02',333059,'2021-04-20','00:02:54','Bezig met het tekenen van 1 sneeuwvlok.\r\nPlan voor sneeuwvlokken is helder...',-1),('fbe02',333059,'2021-05-11','00:08:53','Ben wel ver gekomen.\r\nAllemaal balletjes met een verschillende kleur.\r\n',-1),('fbe02',333059,'2021-05-25','00:08:28','TicTacToe werkt, Ook iedere beurt andere speler.\r\nAan het nadenken over het firefox dinospelletje. :)\r\n\"Wel knap dat we al zover gekomen zijn.\"',-1),('fbe02',333059,'2021-06-01','00:08:02','Bezig met andere projecten o.a. in python... :)\r\nGeluidjes in wav en zo. Nog wel even TTT afmaken...\r\n',-1),('fbe02',333059,'2021-06-08','00:02:27','Code werkt voor ttt. Incl. arrays.\r\nNog even wat dingen om het af te maken.',-1),('fbe02',333180,'2021-02-09','00:05:00','Programmeert zelf al spelletjes.\r\nPalindroom vanmorgen even uitgewerkt. :)\r\nGewoon zelf veel geoefend.\r\nKomt helemaal goed.\r\n',-1),('fbe02',333180,'2021-02-10','00:05:00','Ik heb vandaag met Thijs gepraat... (Te veel. :) )',-1),('fbe02',333180,'2021-03-02','00:05:00','Programmeren van de verschillende opdrachten is geen problemen.\r\nBezig met eigen pokemon game!',-1),('fbe02',333180,'2021-03-09','00:05:00','Thijs heeft de alarmklok ook al voor elkaar. :)\r\nHelemaal geweldig! :)',-1),('fbe02',333180,'2021-03-13','00:05:00','Thijs heeft naast deze opdracht een heleboel eigen projecten gedaan. Is communicatief en vrijgevig met hulp naar de andere studenten. Vandaar hoogste waardering.',-1),('fbe02',333180,'2021-03-16','00:05:00','Thijs gaat de Alarmklok maken. Is daar al mee bezig.\r\nNiet elke minuut, maar een tijdstip waarop een melding volgt.\r\n',-1),('fbe02',333180,'2021-03-23','00:05:00','Thijs interface werkt.\r\nAlarm tijd opslaan als een handig type.\r\nEr onstaan daardoor leuke bugs.',-1),('fbe02',333180,'2021-03-30','00:10:26','Het alarm gaat specifiek twee keer af. :)\r\nLekker bezig met spelletjes en het opslaan in files.\r\n',-1),('fbe02',333180,'2021-04-06','00:04:56','Niet verder gegaan met de alarmklok.\r\nNog wel even inleveren.\r\nCommentaar ook heel belangrijk.\r\nhttps://youtu.be/OQovW3baIa0?t=1280\r\n',-1),('fbe02',333180,'2021-04-20','00:06:43','Een sneeuwvlok werkt en animeert.\r\nNu nog \"even\" een array toevoegen.\r\n@TODO: Gamification op school!\r\n',-1),('fbe02',333180,'2021-05-11','00:03:49','Sneeuwvlokken al ingeleverd. Verder met TicTacToe.\r\n',-1),('fbe02',333180,'2021-05-25','00:04:38','Lastig om computerprogramma zo simpel mogelijk te houden.\r\nWillekeurig een speler gekozen. Cool!\r\nTicTacToe spelen werkt al. Nu nog uitzoeken wie gewonnen heeft met een array functie!\r\n',-1),('fbe02',333180,'2021-06-01','00:02:34','Code werkt met arrays, combinaties ook opgeslagen in een extra array! (Extra punt!)\r\n',-1),('fbe02',333180,'2021-06-08','00:03:08','Gepraat over zijn lootbox spelletje.',-1),('fbe02',333181,'2021-02-09','00:05:00','Was al bezig met de volgende opgave.\r\nCode van de opgave klopt ook gewoon.\r\nLekker aan het experimenteren.',-1),('fbe02',333181,'2021-03-02','00:05:00','Arthur is druk bezig met de woorden apart functie.\r\nCode en commentaar gaan als een speer.',-1),('fbe02',333181,'2021-03-09','00:05:00','Woorden apart ingelevert. Even checken...\r\nArthur gaat voor de Font Viewer.\r\n',-1),('fbe02',333181,'2021-03-23','00:05:00','FontViewer gaat wel lukken. Interface staat al.\r\nDetails nog even uitwerken.\r\nTruukje wordt het omzetten van de FontStyles.',-1),('fbe02',333181,'2021-03-30','00:05:02','Fontviewer schaalt netjes mee, en weet welke fonts er op het systeem staan.\r\nNog wel even het font daadwerkelijk wijzigen.',-1),('fbe02',333181,'2021-04-06','00:04:33','FontStyle werkt ook. Cool. :)\r\nAndere oplossing dan verwacht!',-1),('fbe02',333181,'2021-04-13','00:03:13','Bezig met een schrijven van een plan.\r\nCode voorzien van commentaar en dan een stukje afsplitsen.\r\n',-1),('fbe02',333181,'2021-04-20','00:01:20','Plannetje voor sneeuw in comments.\r\nRemove pixel. In de vakantie lekker programmeren.',-1),('fbe02',333181,'2021-05-11','00:08:14','Oh? Was ik al aan de beurt? Ik was aan het programmeren. :)\r\nGroot gedeelte van de code staat al. Even samen een reset functie toegevoegd.\r\nVolgorde is grappig, Eerst alle backend en dan pas wat tekenen.',-1),('fbe02',333181,'2021-05-25','00:02:23','Niet zo heel veel nog gedaan, maar ook niet zo\'n moeilijke opdracht.\r\nAan het nadenken over een array van arrays.',-1),('fbe02',333181,'2021-06-01','00:05:27','TicTacToe bijna klaar. \r\nEventueel kleine AI er tegenaan bouwen met drie strategieen.',-1),('fbe02',333181,'2021-06-08','00:01:05','Spelletje werkt, inclusief array voor de combinaties (+1 punt)\r\nBeginnetje van een ai!',-1);
/*!40000 ALTER TABLE `evaluatie` ENABLE KEYS */;
UNLOCK TABLES;

--
-- Table structure for table `klas`
--

DROP TABLE IF EXISTS `klas`;
/*!40101 SET @saved_cs_client     = @@character_set_client */;
/*!40101 SET character_set_client = utf8 */;
CREATE TABLE `klas` (
  `code` varchar(5) COLLATE utf8_bin NOT NULL,
  `jaar` smallint(4) NOT NULL,
  `omschrijving` varchar(255) COLLATE utf8_bin DEFAULT NULL,
  `semester` int(11) NOT NULL DEFAULT '1' COMMENT 'Huidige semester van deze klas',
  `actief` tinyint(1) NOT NULL DEFAULT '1' COMMENT 'Klas zit nog op school.',
  `locatiecode` varchar(5) COLLATE utf8_bin NOT NULL DEFAULT 'ALSU',
  PRIMARY KEY (`code`),
  KEY `FK_student_locatie_idx` (`locatiecode`),
  CONSTRAINT `FK_student_locatie` FOREIGN KEY (`locatiecode`) REFERENCES `locatie` (`code`) ON DELETE NO ACTION ON UPDATE NO ACTION
) ENGINE=InnoDB DEFAULT CHARSET=utf8 COLLATE=utf8_bin;
/*!40101 SET character_set_client = @saved_cs_client */;

--
-- Dumping data for table `klas`
--

LOCK TABLES `klas` WRITE;
/*!40000 ALTER TABLE `klas` DISABLE KEYS */;
INSERT INTO `klas` VALUES ('0SV1',2020,'0SV1 (originele groep)',2,0,'ALSU'),('0SV1n',2020,'0SV1',5,1,'ALSU'),('0SV2',2020,'0SV2 (originele groep)',2,0,'ALSU'),('0SV2n',2020,'0SV2',5,1,'ALSU'),('0SV3',2020,'0SV3 (originele groep)',2,0,'ALSU'),('1SV1',2021,'1SV1',2,1,'ALSU'),('21SD',2021,'21SD',2,1,'ENAR1'),('8FA1',2018,'8FA1',5,0,'ALSU'),('9AA1',2019,'9AA1',5,0,'ALSU'),('9FA1',2019,'9FA1',5,1,'ALSU'),('test',2020,'Test klas voor demonstraties',1,1,'TEST');
/*!40000 ALTER TABLE `klas` ENABLE KEYS */;
UNLOCK TABLES;

--
-- Table structure for table `leerling`
--

DROP TABLE IF EXISTS `leerling`;
/*!40101 SET @saved_cs_client     = @@character_set_client */;
/*!40101 SET character_set_client = utf8 */;
CREATE TABLE `leerling` (
  `nummer` int(11) NOT NULL AUTO_INCREMENT,
  `voornaam` varchar(50) COLLATE utf8_bin NOT NULL,
  `tussenvoegsel` varchar(10) COLLATE utf8_bin DEFAULT NULL,
  `achternaam` varchar(50) COLLATE utf8_bin NOT NULL,
  `klas` varchar(5) COLLATE utf8_bin NOT NULL,
  `actief` tinyint(1) NOT NULL DEFAULT '1',
  `locatiecode` varchar(5) COLLATE utf8_bin NOT NULL DEFAULT 'ALSU',
  PRIMARY KEY (`nummer`),
  KEY `fk_leerlink_klas` (`klas`),
  CONSTRAINT `fk_leerlink_klas` FOREIGN KEY (`klas`) REFERENCES `klas` (`code`)
) ENGINE=InnoDB AUTO_INCREMENT=10000005 DEFAULT CHARSET=utf8 COLLATE=utf8_bin;
/*!40101 SET character_set_client = @saved_cs_client */;

--
-- Dumping data for table `leerling`
--

LOCK TABLES `leerling` WRITE;
/*!40000 ALTER TABLE `leerling` DISABLE KEYS */;
INSERT INTO `leerling` VALUES (1,'Henk','de','Steen','test',1,'ALSU'),(2,'Lua',NULL,'Meister','test',1,'ENAR1'),(3,'Jan','van','Janzen','test',1,'TEST'),(100001,'Test','van der','Testerder','test',1,'TEST'),(100002,'Piet','van der','Pietersen','test',1,'ALSU'),(123456,'Stijn',NULL,'Koster','8FA1',0,'ALSU'),(275571,'Tom',NULL,'Wennemers','1SV1',1,'ALSU'),(277029,'Lucas',NULL,'Mulder','1SV1',1,'ALSU'),(303296,'Carst',NULL,'Meinen','1SV1',1,'ALSU'),(309723,'Baran',NULL,'imen','0SV1n',1,'ALSU'),(310755,'Mathijs','ter','Braake','0SV2',0,'ALSU'),(311694,'Rafal',NULL,'Bonte','0SV1n',1,'ALSU'),(312249,'Casper',NULL,'Nijhuis','1SV1',1,'ALSU'),(318903,'Liam',NULL,'Segers','1SV1',1,'ALSU'),(319066,'Kamil',NULL,'Karpowicz','1SV1',1,'ALSU'),(319494,'Ivo',NULL,'Dijk','0SV2',0,'ALSU'),(322259,'Christian',NULL,'Hilgenkamp','0SV2n',1,'ALSU'),(326576,'Fiona',NULL,'lage Venterink','0SV1n',1,'ALSU'),(326584,'Iwan',NULL,'Westerdijk','0SV1n',1,'ALSU'),(327014,'Berkay',NULL,'Kuru','0SV1n',1,'ALSU'),(327101,'Wendy',NULL,'He','0SV1n',1,'ALSU'),(328455,'Dimphy',NULL,'Hilbrink','0SV2n',1,'ALSU'),(328733,'Emrullah',NULL,'Galeli','0SV1n',1,'ALSU'),(329314,'Thomas',NULL,'Barrink','1SV1',1,'ALSU'),(329604,'Dion',NULL,'Boerrigter','0SV1n',1,'ALSU'),(329610,'Bas',NULL,'Mulder','0SV2n',1,'ALSU'),(329665,'Aron','ter','Steege','0SV1n',1,'ALSU'),(329716,'Bram',NULL,'Kist','0SV2n',1,'ALSU'),(329944,'Daniel',NULL,'Vardanian','0SV2',0,'ALSU'),(330266,'Gktu',NULL,'Iik','0SV2n',1,'ALSU'),(330271,'Thijs',NULL,'Kamphuis','0SV2n',1,'ALSU'),(330433,'Thijmen','van','Dusschoten','0SV2n',1,'ALSU'),(330440,'Yorrith',NULL,'Leemhuis','0SV1',0,'ALSU'),(330588,'Thijmen',NULL,'Ruiter','0SV1n',1,'ALSU'),(330825,'Daan',NULL,'Wessels','0SV3',0,'ALSU'),(330919,'Rachel',NULL,'Broeze','0SV3',0,'ALSU'),(330988,'Jordy',NULL,'Stevelink','0SV2n',1,'ALSU'),(331042,'Sid',NULL,'Struis','0SV1n',1,'ALSU'),(332052,'Melike',NULL,'Erten','0SV2n',1,'ALSU'),(332688,'Brandon',NULL,'Suitella','1SV1',1,'ALSU'),(332720,'Orkhan',NULL,'Huseynov','0SV2n',1,'ALSU'),(332895,'Chris',NULL,'Zomer','0SV1n',1,'ALSU'),(333055,'Timo',NULL,'Luiten','0SV1',0,'ALSU'),(333059,'Marin',NULL,'Hanser','0SV2n',1,'ALSU'),(333180,'Thijs',NULL,'Bruinenberg','0SV1n',1,'ALSU'),(333181,'Arthur',NULL,'Bosch','0SV2n',1,'ALSU'),(335270,'Deeq',NULL,'Fatah','1SV1',1,'ALSU'),(336596,'Thijmen','de','Jong','1SV1',1,'ALSU'),(337629,'Bram',NULL,'Holtkamp','1SV1',1,'ALSU'),(338058,'Mees',NULL,'Wijnholds','1SV1',1,'ALSU'),(338255,'Guyon',NULL,'Hoffstedde','1SV1',1,'ALSU'),(339012,'Shant',NULL,'Shero','1SV1',0,'ALSU'),(339707,'Stefan',NULL,'Smit','1SV1',1,'ALSU'),(339912,'Julian','van','Meurs','1SV1',1,'ALSU'),(339978,'Winson',NULL,'Tang','1SV1',1,'ALSU'),(340671,'Jonathan',NULL,'Reijbroek','1SV1',1,'ALSU'),(340685,'Collin-Dean','van','Hattem','1SV1',1,'ALSU'),(340704,'Ricardo',NULL,'Mulder','1SV1',1,'ALSU'),(340731,'James',NULL,'Tai','1SV1',1,'ALSU'),(340779,'Laura',NULL,'Kinket','1SV1',1,'ALSU'),(341608,'Bram',NULL,'Kremer','1SV1',1,'ALSU');
/*!40000 ALTER TABLE `leerling` ENABLE KEYS */;
UNLOCK TABLES;

--
-- Table structure for table `locatie`
--

DROP TABLE IF EXISTS `locatie`;
/*!40101 SET @saved_cs_client     = @@character_set_client */;
/*!40101 SET character_set_client = utf8 */;
CREATE TABLE `locatie` (
  `code` varchar(5) COLLATE utf8_bin NOT NULL,
  `naam` varchar(45) COLLATE utf8_bin NOT NULL,
  `omschrijving` varchar(255) COLLATE utf8_bin DEFAULT NULL,
  PRIMARY KEY (`code`)
) ENGINE=InnoDB DEFAULT CHARSET=utf8 COLLATE=utf8_bin;
/*!40101 SET character_set_client = @saved_cs_client */;

--
-- Dumping data for table `locatie`
--

LOCK TABLES `locatie` WRITE;
/*!40000 ALTER TABLE `locatie` DISABLE KEYS */;
INSERT INTO `locatie` VALUES ('ALSU','De Sumpel',NULL),('ALWI','Wierdensestraat',NULL),('ENAR1','Ariensplein 1','Connect-U gebouw'),('ENAR3','De Maere',NULL),('HEGI','Gieterij',NULL),('TEST','Test locatie','Voor demonstratie doelen');
/*!40000 ALTER TABLE `locatie` ENABLE KEYS */;
UNLOCK TABLES;

--
-- Temporary view structure for view `niet_gesproken_leerlingen`
--

DROP TABLE IF EXISTS `niet_gesproken_leerlingen`;
/*!50001 DROP VIEW IF EXISTS `niet_gesproken_leerlingen`*/;
SET @saved_cs_client     = @@character_set_client;
SET character_set_client = utf8;
/*!50001 CREATE VIEW `niet_gesproken_leerlingen` AS SELECT 
 1 AS `nummer`,
 1 AS `klas`,
 1 AS `voornaam`,
 1 AS `tussenvoegsel`,
 1 AS `achternaam`,
 1 AS `datum`*/;
SET character_set_client = @saved_cs_client;

--
-- Table structure for table `project`
--

DROP TABLE IF EXISTS `project`;
/*!40101 SET @saved_cs_client     = @@character_set_client */;
/*!40101 SET character_set_client = utf8 */;
CREATE TABLE `project` (
  `id` int(11) NOT NULL AUTO_INCREMENT,
  `naam` varchar(45) COLLATE utf8_bin NOT NULL,
  `semester` tinyint(1) NOT NULL,
  `sterren` tinyint(1) NOT NULL,
  `omschrijving` varchar(200) COLLATE utf8_bin NOT NULL,
  `actief` tinyint(1) NOT NULL DEFAULT '1' COMMENT 'Kan dit project al dan niet toegewezen worden aan studenten?\nIs het lesmateriaal compleet. Zijn de opdrachten duidelijk. Is het nivo van het project in lijn met de capaciteiten van de klas?',
  `blauwdruk` tinyint(1) NOT NULL DEFAULT '0' COMMENT 'Kan dit project gebruikt worden als blauwdruk voor vergelijkbare projecten.\nDit project zal waarschijnlijk dan niet actief zijn, en kan niet gebruikt worden voor beoordelingen.\nVan alle projecten kan natuurlijk een kopie gemaakt worden als basis voor een nieuw project.',
  PRIMARY KEY (`id`)
) ENGINE=InnoDB AUTO_INCREMENT=18 DEFAULT CHARSET=utf8 COLLATE=utf8_bin;
/*!40101 SET character_set_client = @saved_cs_client */;

--
-- Dumping data for table `project`
--

LOCK TABLES `project` WRITE;
/*!40000 ALTER TABLE `project` DISABLE KEYS */;
INSERT INTO `project` VALUES (1,'palindromen',1,4,'Zoek alle palindromen tussen 100 en 999 in combinaties en bewaarde hoogste.',0,0),(2,'woorden apart',2,1,'Splits een zin in losse woorden.',1,0),(3,'Alarmklok',2,3,'Toon de huidige tijd, en laat de gebruiker een alarm instellen.',0,0),(4,'Fontviewer',2,3,'Kies een lettertype, grootte en stijl en toon een voorbeeldtekst',0,0),(5,'Sneeuwvlokken',2,4,'Teken 10000 sneeuwvlokken die naar beneden dwarrelen.',0,0),(6,'TicTacToe',2,5,'Forms applicatie waarmee drie op een rij gespeeld kan worden.',0,0),(10,'palindromen 2022',2,1,'Vermenigvuldig alle waarden tussen 100 en 999 met elkaar. Zoek naar het hoogste antwoord dat een palindroom is.',1,0),(12,'Alarmklok 2022',2,3,'Toon de huidige tijd, en laat de gebruiker een alarm instellen.',1,0),(14,'Fontviewer 2022',2,3,'Kies een lettertype, grootte en stijl en toon een voorbeeldtekst',1,0),(15,'Sneeuwvlokken 2022',2,4,'Teken 10000 sneeuwvlokken die naar beneden dwarrelen.',1,0),(16,'Woorden apart 2022',2,1,'Neem een tekst en toon de losse woorden onder elkaar in een aparte lijst.',1,0),(17,'TicTacToe 2022',2,5,'Forms applicatie waarmee drie op een rij gespeeld kan worden. Computer detecteerd automatisch wie er wint, of gelijk spel.',1,0);
/*!40000 ALTER TABLE `project` ENABLE KEYS */;
UNLOCK TABLES;

--
-- Temporary view structure for view `project_criteria_overzicht`
--

DROP TABLE IF EXISTS `project_criteria_overzicht`;
/*!50001 DROP VIEW IF EXISTS `project_criteria_overzicht`*/;
SET @saved_cs_client     = @@character_set_client;
SET character_set_client = utf8;
/*!50001 CREATE VIEW `project_criteria_overzicht` AS SELECT 
 1 AS `groepid`,
 1 AS `criteriumid`,
 1 AS `gewicht`,
 1 AS `criterium_naam`,
 1 AS `naam`,
 1 AS `min`,
 1 AS `max`,
 1 AS `max_result`*/;
SET character_set_client = @saved_cs_client;

--
-- Table structure for table `project_criterium`
--

DROP TABLE IF EXISTS `project_criterium`;
/*!40101 SET @saved_cs_client     = @@character_set_client */;
/*!40101 SET character_set_client = utf8 */;
CREATE TABLE `project_criterium` (
  `groepid` int(11) NOT NULL,
  `criteriumid` int(11) NOT NULL,
  `actief` tinyint(1) NOT NULL DEFAULT '1',
  `gewicht` float NOT NULL DEFAULT '1',
  `autocalc` tinyint(1) NOT NULL DEFAULT '1',
  PRIMARY KEY (`groepid`,`criteriumid`),
  KEY `fk_pc_criterium_idx` (`criteriumid`),
  CONSTRAINT `fk_pc_criterium` FOREIGN KEY (`criteriumid`) REFERENCES `criterium` (`id`) ON DELETE NO ACTION ON UPDATE NO ACTION,
  CONSTRAINT `fk_pc_group` FOREIGN KEY (`groepid`) REFERENCES `criterium_groep` (`id`) ON DELETE NO ACTION ON UPDATE NO ACTION
) ENGINE=InnoDB DEFAULT CHARSET=utf8 COLLATE=utf8_bin;
/*!40101 SET character_set_client = @saved_cs_client */;

--
-- Dumping data for table `project_criterium`
--

LOCK TABLES `project_criterium` WRITE;
/*!40000 ALTER TABLE `project_criterium` DISABLE KEYS */;
INSERT INTO `project_criterium` VALUES (1,2,1,1,1),(1,3,1,1,1),(1,4,1,3,1),(1,6,1,1,0),(1,7,1,2,1),(1,8,1,0,1),(1,9,1,0.5,1),(1,10,1,-1,0),(3,3,1,1,1),(3,5,1,1.75,1),(3,6,1,0.5,0),(3,7,1,1.5,1),(3,8,1,0,1),(3,9,1,0.5,1),(3,10,1,-1,0),(3,11,1,0.5,1),(3,12,1,0.75,1),(4,3,1,1,1),(4,5,1,1.75,1),(4,6,1,0.5,0),(4,7,1,1.5,1),(4,8,1,0,1),(4,9,1,0.5,1),(4,10,1,-1,0),(4,11,1,0.5,1),(4,12,1,0.75,1),(5,3,1,1,1),(5,5,1,1.7,1),(5,6,1,0.5,0),(5,7,1,1.5,1),(5,8,1,0,1),(5,9,1,0.5,1),(5,10,1,-1,0),(5,11,1,0.5,1),(5,13,1,1.4,1),(6,3,1,1,1),(6,5,1,1.2,1),(6,6,1,0.5,0),(6,7,1,2,1),(6,8,1,0,1),(6,9,1,0.5,1),(6,10,1,-1,0),(6,11,1,0.5,1),(6,12,1,0.5,1),(6,13,1,1,1),(10,2,1,1,1),(10,3,1,1,1),(10,4,1,2,1),(10,6,1,1,0),(10,7,1,2,1),(10,8,1,0,1),(10,9,1,0.5,1),(10,10,1,-1,0),(10,14,1,0.5,1),(10,15,1,0.5,1),(12,3,1,0.5,1),(12,5,1,0.95,1),(12,6,1,0.5,0),(12,7,1,1.5,1),(12,8,1,0,1),(12,9,1,0.5,1),(12,10,1,-1,0),(12,11,1,0.5,1),(12,12,1,0.75,1),(12,14,1,1,1),(12,15,1,0.5,1),(14,3,1,0.5,1),(14,5,1,1,1),(14,6,1,0.5,0),(14,7,1,1.5,1),(14,8,1,0,1),(14,9,1,0.5,1),(14,10,1,-1,0),(14,11,1,0.5,1),(14,12,1,0.5,1),(14,14,1,1,1),(14,15,1,0.5,1),(15,3,1,1,1),(15,5,1,0.8,1),(15,6,1,0.5,0),(15,7,1,1,1),(15,8,1,0,1),(15,9,1,0.5,1),(15,10,1,-1,0),(15,11,1,0.5,1),(15,13,1,1,1),(15,14,1,1,1),(15,15,1,1,1),(16,2,1,0.5,1),(16,3,1,1,1),(16,4,1,2.5,1),(16,6,1,0.5,0),(16,7,1,1,1),(16,8,1,0,0),(16,9,1,1,1),(16,10,1,-1,0),(16,14,1,0.5,1),(16,15,1,0.5,1),(17,3,1,0.5,1),(17,5,1,0.5,1),(17,6,1,0.5,0),(17,7,1,2,1),(17,8,1,0,0),(17,9,1,0.5,1),(17,10,1,-1,0),(17,11,1,0.25,1),(17,12,1,0.5,1),(17,13,1,0.5,1),(17,14,1,1,1),(17,15,1,1,1);
/*!40000 ALTER TABLE `project_criterium` ENABLE KEYS */;
UNLOCK TABLES;

--
-- Table structure for table `rollen`
--

DROP TABLE IF EXISTS `rollen`;
/*!40101 SET @saved_cs_client     = @@character_set_client */;
/*!40101 SET character_set_client = utf8 */;
CREATE TABLE `rollen` (
  `id` int(11) NOT NULL AUTO_INCREMENT,
  `name` varchar(50) COLLATE utf8_bin NOT NULL,
  `description` varchar(255) COLLATE utf8_bin DEFAULT NULL,
  PRIMARY KEY (`id`)
) ENGINE=InnoDB AUTO_INCREMENT=2 DEFAULT CHARSET=utf8 COLLATE=utf8_bin;
/*!40101 SET character_set_client = @saved_cs_client */;

--
-- Dumping data for table `rollen`
--

LOCK TABLES `rollen` WRITE;
/*!40000 ALTER TABLE `rollen` DISABLE KEYS */;
INSERT INTO `rollen` VALUES (1,'admin','Deze groep mag alles!');
/*!40000 ALTER TABLE `rollen` ENABLE KEYS */;
UNLOCK TABLES;

--
-- Dumping events for database 'projecten'
--

--
-- Dumping routines for database 'projecten'
--

--
-- Final view structure for view `all_projects`
--

/*!50001 DROP VIEW IF EXISTS `all_projects`*/;
/*!50001 SET @saved_cs_client          = @@character_set_client */;
/*!50001 SET @saved_cs_results         = @@character_set_results */;
/*!50001 SET @saved_col_connection     = @@collation_connection */;
/*!50001 SET character_set_client      = utf8mb4 */;
/*!50001 SET character_set_results     = utf8mb4 */;
/*!50001 SET collation_connection      = utf8mb4_general_ci */;
/*!50001 CREATE ALGORITHM=UNDEFINED */
/*!50013 DEFINER=`root`@`localhost` SQL SECURITY DEFINER */
/*!50001 VIEW `all_projects` AS select `project`.`id` AS `id`,`project`.`naam` AS `project`,min(`beoordeling`.`datum`) AS `datum` from (((`beoordeling` join `leerling`) join `project_criterium`) left join `project` on((`beoordeling`.`groepid` = `project`.`id`))) where ((`beoordeling`.`leerlingnummer` = `leerling`.`nummer`) and (`project_criterium`.`criteriumid` = `beoordeling`.`criteriumid`) and (`project_criterium`.`groepid` = `beoordeling`.`groepid`) and (`project_criterium`.`actief` = 1)) group by `project`.`naam` order by min(`beoordeling`.`datum`) */;
/*!50001 SET character_set_client      = @saved_cs_client */;
/*!50001 SET character_set_results     = @saved_cs_results */;
/*!50001 SET collation_connection      = @saved_col_connection */;

--
-- Final view structure for view `beoordeling_uitgebreid`
--

/*!50001 DROP VIEW IF EXISTS `beoordeling_uitgebreid`*/;
/*!50001 SET @saved_cs_client          = @@character_set_client */;
/*!50001 SET @saved_cs_results         = @@character_set_results */;
/*!50001 SET @saved_col_connection     = @@collation_connection */;
/*!50001 SET character_set_client      = utf8mb4 */;
/*!50001 SET character_set_results     = utf8mb4 */;
/*!50001 SET collation_connection      = utf8mb4_general_ci */;
/*!50001 CREATE ALGORITHM=UNDEFINED */
/*!50013 DEFINER=`root`@`localhost` SQL SECURITY DEFINER */
/*!50001 VIEW `beoordeling_uitgebreid` AS select `beoordeling`.`docentcode` AS `docentcode`,`leerling`.`nummer` AS `nummer`,`project`.`id` AS `project_id`,`beoordeling`.`datum` AS `datum`,`criterium`.`naam` AS `naam`,(`beoordeling`.`waardering` * `project_criterium`.`gewicht`) AS `waardering` from ((((`beoordeling` join `leerling`) join `project_criterium`) join `criterium`) join `project` on((`beoordeling`.`groepid` = `project`.`id`))) where ((`beoordeling`.`leerlingnummer` = `leerling`.`nummer`) and (`project_criterium`.`criteriumid` = `beoordeling`.`criteriumid`) and (`project_criterium`.`groepid` = `beoordeling`.`groepid`) and (`project_criterium`.`criteriumid` = `criterium`.`id`) and (`project_criterium`.`actief` = 1)) order by `beoordeling`.`leerlingnummer`,`project`.`id` */;
/*!50001 SET character_set_client      = @saved_cs_client */;
/*!50001 SET character_set_results     = @saved_cs_results */;
/*!50001 SET collation_connection      = @saved_col_connection */;

--
-- Final view structure for view `cijfers_excel`
--

/*!50001 DROP VIEW IF EXISTS `cijfers_excel`*/;
/*!50001 SET @saved_cs_client          = @@character_set_client */;
/*!50001 SET @saved_cs_results         = @@character_set_results */;
/*!50001 SET @saved_col_connection     = @@collation_connection */;
/*!50001 SET character_set_client      = utf8mb4 */;
/*!50001 SET character_set_results     = utf8mb4 */;
/*!50001 SET collation_connection      = utf8mb4_general_ci */;
/*!50001 CREATE ALGORITHM=UNDEFINED */
/*!50013 DEFINER=`root`@`localhost` SQL SECURITY DEFINER */
/*!50001 VIEW `cijfers_excel` AS select `leerling`.`nummer` AS `nummer`,concat_ws(' ',`leerling`.`voornaam`,`leerling`.`tussenvoegsel`,`leerling`.`achternaam`) AS `naam`,`project`.`id` AS `project_id`,`project`.`naam` AS `project`,least(sum((`beoordeling`.`waardering` * `project_criterium`.`gewicht`)),10) AS `cijfer`,`beoordeling`.`datum` AS `datum` from (((`beoordeling` join `leerling`) join `project_criterium`) left join `project` on((`beoordeling`.`groepid` = `project`.`id`))) where ((`beoordeling`.`leerlingnummer` = `leerling`.`nummer`) and (`project_criterium`.`criteriumid` = `beoordeling`.`criteriumid`) and (`project_criterium`.`groepid` = `beoordeling`.`groepid`) and (`project_criterium`.`actief` = 1)) group by `beoordeling`.`leerlingnummer`,`project`.`naam`,`beoordeling`.`groepid`,`beoordeling`.`datum` order by `leerling`.`achternaam`,`leerling`.`voornaam` */;
/*!50001 SET character_set_client      = @saved_cs_client */;
/*!50001 SET character_set_results     = @saved_cs_results */;
/*!50001 SET collation_connection      = @saved_col_connection */;

--
-- Final view structure for view `cijfers_tijdelijk`
--

/*!50001 DROP VIEW IF EXISTS `cijfers_tijdelijk`*/;
/*!50001 SET @saved_cs_client          = @@character_set_client */;
/*!50001 SET @saved_cs_results         = @@character_set_results */;
/*!50001 SET @saved_col_connection     = @@collation_connection */;
/*!50001 SET character_set_client      = utf8mb4 */;
/*!50001 SET character_set_results     = utf8mb4 */;
/*!50001 SET collation_connection      = utf8mb4_general_ci */;
/*!50001 CREATE ALGORITHM=UNDEFINED */
/*!50013 DEFINER=`root`@`localhost` SQL SECURITY DEFINER */
/*!50001 VIEW `cijfers_tijdelijk` AS select concat_ws(' ',`leerling`.`voornaam`,`leerling`.`tussenvoegsel`,`leerling`.`achternaam`) AS `naam`,`project`.`naam` AS `project`,sum((`beoordeling`.`waardering` * `project_criterium`.`gewicht`)) AS `cijfer` from (((`beoordeling` join `leerling`) join `project_criterium`) left join `project` on((`beoordeling`.`groepid` = `project`.`id`))) where ((`beoordeling`.`leerlingnummer` = `leerling`.`nummer`) and (`project_criterium`.`criteriumid` = `beoordeling`.`criteriumid`) and (`project_criterium`.`groepid` = `beoordeling`.`groepid`) and (`project_criterium`.`actief` = 1)) group by `beoordeling`.`leerlingnummer`,`project`.`naam`,`beoordeling`.`groepid` order by `leerling`.`achternaam`,`leerling`.`voornaam` */;
/*!50001 SET character_set_client      = @saved_cs_client */;
/*!50001 SET character_set_results     = @saved_cs_results */;
/*!50001 SET collation_connection      = @saved_col_connection */;

--
-- Final view structure for view `niet_gesproken_leerlingen`
--

/*!50001 DROP VIEW IF EXISTS `niet_gesproken_leerlingen`*/;
/*!50001 SET @saved_cs_client          = @@character_set_client */;
/*!50001 SET @saved_cs_results         = @@character_set_results */;
/*!50001 SET @saved_col_connection     = @@collation_connection */;
/*!50001 SET character_set_client      = utf8 */;
/*!50001 SET character_set_results     = utf8 */;
/*!50001 SET collation_connection      = utf8_general_ci */;
/*!50001 CREATE ALGORITHM=UNDEFINED */
/*!50013 DEFINER=`frederik`@`%` SQL SECURITY DEFINER */
/*!50001 VIEW `niet_gesproken_leerlingen` AS select `leerling`.`nummer` AS `nummer`,`leerling`.`klas` AS `klas`,`leerling`.`voornaam` AS `voornaam`,`leerling`.`tussenvoegsel` AS `tussenvoegsel`,`leerling`.`achternaam` AS `achternaam`,max(`evaluatie`.`datum`) AS `datum` from (`leerling` left join `evaluatie` on((`evaluatie`.`leerlingnummer` = `leerling`.`nummer`))) where (`leerling`.`actief` = 1) group by `leerling`.`nummer` order by max(`evaluatie`.`datum`),rand() */;
/*!50001 SET character_set_client      = @saved_cs_client */;
/*!50001 SET character_set_results     = @saved_cs_results */;
/*!50001 SET collation_connection      = @saved_col_connection */;

--
-- Final view structure for view `project_criteria_overzicht`
--

/*!50001 DROP VIEW IF EXISTS `project_criteria_overzicht`*/;
/*!50001 SET @saved_cs_client          = @@character_set_client */;
/*!50001 SET @saved_cs_results         = @@character_set_results */;
/*!50001 SET @saved_col_connection     = @@collation_connection */;
/*!50001 SET character_set_client      = utf8mb4 */;
/*!50001 SET character_set_results     = utf8mb4 */;
/*!50001 SET collation_connection      = utf8mb4_general_ci */;
/*!50001 CREATE ALGORITHM=UNDEFINED */
/*!50013 DEFINER=`root`@`localhost` SQL SECURITY DEFINER */
/*!50001 VIEW `project_criteria_overzicht` AS select `pc`.`groepid` AS `groepid`,`pc`.`criteriumid` AS `criteriumid`,`pc`.`gewicht` AS `gewicht`,`c`.`naam` AS `criterium_naam`,`m`.`naam` AS `naam`,`m`.`min` AS `min`,`m`.`max` AS `max`,(`m`.`max` * `pc`.`gewicht`) AS `max_result` from ((`project_criterium` `pc` join `criterium` `c`) join `beoordeling_methode` `m`) where ((`pc`.`criteriumid` = `c`.`id`) and (`c`.`methodeid` = `m`.`id`)) order by `pc`.`groepid`,`c`.`naam` */;
/*!50001 SET character_set_client      = @saved_cs_client */;
/*!50001 SET character_set_results     = @saved_cs_results */;
/*!50001 SET collation_connection      = @saved_col_connection */;
/*!40103 SET TIME_ZONE=@OLD_TIME_ZONE */;

/*!40101 SET SQL_MODE=@OLD_SQL_MODE */;
/*!40014 SET FOREIGN_KEY_CHECKS=@OLD_FOREIGN_KEY_CHECKS */;
/*!40014 SET UNIQUE_CHECKS=@OLD_UNIQUE_CHECKS */;
/*!40101 SET CHARACTER_SET_CLIENT=@OLD_CHARACTER_SET_CLIENT */;
/*!40101 SET CHARACTER_SET_RESULTS=@OLD_CHARACTER_SET_RESULTS */;
/*!40101 SET COLLATION_CONNECTION=@OLD_COLLATION_CONNECTION */;
/*!40111 SET SQL_NOTES=@OLD_SQL_NOTES */;

-- Dump completed on 2022-01-31 18:53:44
